Report Period,Custom report (2025-10-22 to 2025-10-29)
Generated At,2025-10-29T02:37:45.689Z

=== PRAISE WITH A RAISE TASKS ===
participant_id,task_name,task_status,date,value,comments
1,Budget Planning Session,COMPLETE,"2025-10-28, 09:00",25,
1,Job Interview Preparation,ASSIGNED,"2025-10-27, 14:00",20,Keep practicing - you're doing great!
1,Community Service Project,ASSIGNED,"2025-10-26, 08:00",30,
1,Life Skills Workshop,INCOMPLETE,"2025-10-25, 12:00",18,Please reschedule - this is important for independent living.
1,Housing Application Review,ASSIGNED,"2025-10-24, 13:00",35,
2,Financial Literacy Course,COMPLETE,"2025-10-28, 10:00",25,Excellent completion of the course!
2,Peer Mentor Training,ASSIGNED,"2025-10-27, 09:00",40,Great leadership potential!
3,Education Planning,ASSIGNED,"2025-10-28, 11:00",30,
3,Substance Abuse Counseling,COMPLETE,"2025-10-26, 14:00",25,Proud of your commitment to recovery!
3,Family Reconnection Session,ASSIGNED,"2025-10-25, 16:00",35,
8,Transition Planning,COMPLETE,"2025-10-24, 10:00",50,Successfully completed all transition requirements!
9,Exit Interview,COMPLETE,"2025-10-23, 13:00",25,

=== PARTICIPANT INFORMATION ===
participant_id,account_creation_date,account_removal_date
1,2025-10-29,
2,2025-10-28,
8,2025-07-21,2025-10-26
9,2025-10-09,2025-10-25

=== FINANCIAL TRANSACTIONS ===
No financial transactions found for this period

=== BADGES EARNED ===
No badges earned for this period

=== LOGIN STATISTICS ===
No login records found for this period

=== SUMMARY ===
Data Type,Count
Praise With A Raise Tasks,12
Participant Info Records,4
Financial Transactions,0
Badges Earned,0
Login Records,0