File,Lines Covered,Lines Total,Lines %,Functions Covered,Functions Total,Functions %,Branches Covered,Branches Total,Branches %
src/App.tsx,13,16,81.25,4,5,80.00,1,4,25.00
src/index.tsx,0,2,0.00,0,0,,0,0,
src/admin/AdminContext.tsx,5,5,100.00,1,3,33.33,0,0,
src/admin/AdminMenu.tsx,0,17,0.00,0,9,0.00,0,4,0.00
src/admin/AdminRoute.tsx,18,38,47.37,4,8,50.00,10,22,45.45
src/admin/pages/announcements/Main.tsx,0,34,0.00,0,15,0.00,0,10,0.00
src/admin/pages/announcements/components/AnnouncementCard.tsx,0,15,0.00,0,5,0.00,0,7,0.00
src/admin/pages/announcements/components/CreateAnnouncementModal.tsx,1,43,2.33,0,7,0.00,0,20,0.00
src/admin/pages/announcements/components/EditAnnouncementModal.tsx,1,19,5.26,0,3,0.00,0,5,0.00
src/admin/pages/badges/Main.tsx,0,10,0.00,0,5,0.00,0,16,0.00
src/admin/pages/badges/components/AssignCustomBadgeModal.tsx,1,47,2.13,0,14,0.00,0,19,0.00
src/admin/pages/badges/components/CreateCustomBadgeModal.tsx,1,25,4.00,0,5,0.00,0,9,0.00
src/admin/pages/badges/components/CustomBadgeTable.tsx,1,25,4.00,0,6,0.00,0,12,0.00
src/admin/pages/badges/components/EditCustomBadgeModal.tsx,1,18,5.56,0,2,0.00,0,4,0.00
src/admin/pages/badges/components/EditSystemBadgeModal.tsx,1,42,2.38,0,10,0.00,0,31,0.00
src/admin/pages/badges/components/SystemBadgeTable.tsx,1,25,4.00,0,10,0.00,0,9,0.00
src/admin/pages/home/Main.tsx,1,2,50.00,0,1,0.00,0,0,
src/admin/pages/home/components/AnnouncementSection.tsx,6,9,66.67,1,4,25.00,4,8,50.00
src/admin/pages/home/components/NoteSection.tsx,6,15,40.00,1,7,14.29,2,6,33.33
src/admin/pages/home/components/RoomsOverview.tsx,0,9,0.00,0,5,0.00,0,2,0.00
src/admin/pages/login/Main.tsx,21,27,77.78,4,6,66.67,8,12,66.67
src/admin/pages/participants/Main.tsx,0,10,0.00,0,3,0.00,0,16,0.00
src/admin/pages/participants/components/AddParticipantCard.tsx,1,21,4.76,0,7,0.00,0,7,0.00
src/admin/pages/participants/components/EditParticipantCard.tsx,0,56,0.00,0,6,0.00,0,59,0.00
src/admin/pages/participants/components/EditPastParticipantCard.tsx,0,24,0.00,0,2,0.00,0,18,0.00
src/admin/pages/participants/components/EmptyRoomCard.tsx,0,4,0.00,0,3,0.00,0,2,0.00
src/admin/pages/participants/components/OccupiedRoomCard.tsx,1,7,14.29,0,3,0.00,0,2,0.00
src/admin/pages/participants/components/PastParticipantTable.tsx,8,14,57.14,1,4,25.00,2,11,18.18
src/admin/pages/reports/Main.tsx,0,11,0.00,0,3,0.00,0,10,0.00
src/admin/pages/reports/components/AddEmailModal.tsx,0,19,0.00,0,3,0.00,0,4,0.00
src/admin/pages/reports/components/ReportsTable.tsx,9,27,33.33,1,10,10.00,2,2,100.00
src/admin/pages/schedule/Main.tsx,0,29,0.00,0,11,0.00,0,34,0.00
src/admin/pages/schedule/components/AnyDayTasksTable.tsx,0,8,0.00,0,7,0.00,0,0,
src/admin/pages/schedule/components/AssignTaskModal.tsx,0,69,0.00,0,11,0.00,0,39,0.00
src/admin/pages/schedule/components/DailyTasksTable.tsx,0,13,0.00,0,9,0.00,0,4,0.00
src/admin/pages/schedule/components/EditAssignedTaskModal.tsx,0,21,0.00,0,2,0.00,0,8,0.00
src/admin/pages/schedule/components/MarillacBalanceModal.tsx,0,19,0.00,0,2,0.00,0,9,0.00
src/admin/pages/schedule/components/RoomNavigation.tsx,0,3,0.00,0,3,0.00,0,4,0.00
src/admin/pages/schedule/components/TaskDetailsModal.tsx,0,35,0.00,0,8,0.00,0,25,0.00
src/admin/pages/tasks/Main.tsx,0,19,0.00,0,9,0.00,0,10,0.00
src/admin/pages/tasks/components/AddTaskModal.tsx,0,26,0.00,0,2,0.00,0,20,0.00
src/admin/pages/tasks/components/EditTaskModal.tsx,0,37,0.00,0,3,0.00,0,32,0.00
src/admin/pages/tasks/components/TasksTable.tsx,9,27,33.33,1,10,10.00,3,13,23.08
src/constants/days.ts,2,2,100.00,0,0,,0,0,
src/constants/icons.ts,1,1,100.00,0,0,,0,0,
src/constants/levels.ts,2,2,100.00,0,0,,0,0,
src/constants/roles.ts,3,3,100.00,0,0,,0,0,
src/constants/rooms.ts,1,1,100.00,0,0,,0,0,
src/constants/routes.ts,14,14,100.00,0,0,,0,0,
src/constants/views.ts,0,0,,0,0,,0,0,
src/gql/achievedBadgeLevelRequests.ts,2,2,100.00,0,0,,0,0,
src/gql/announcementRequests.ts,5,5,100.00,0,0,,0,0,
src/gql/assignedTaskRequests.ts,8,8,100.00,0,0,,0,0,
src/gql/badgeLevelProgressRequests.ts,1,1,100.00,0,0,,0,0,
src/gql/badgeLevelRequests.ts,1,1,100.00,0,0,,0,0,
src/gql/customBadgeRequests.ts,4,4,100.00,0,0,,0,0,
src/gql/earnedCustomBadgeRequests.ts,3,3,100.00,0,0,,0,0,
src/gql/earningGoalRequests.ts,3,3,100.00,0,0,,0,0,
src/gql/loginRequests.ts,2,2,100.00,0,0,,0,0,
src/gql/noteRequests.ts,3,3,100.00,0,0,,0,0,
src/gql/participantRequests.ts,5,5,100.00,0,0,,0,0,
src/gql/receivedAnnouncementRequests.ts,2,2,100.00,0,0,,0,0,
src/gql/reportRecipientRequests.ts,4,4,100.00,0,0,,0,0,
src/gql/systemBadgeRequests.ts,2,2,100.00,0,0,,0,0,
src/gql/taskRequests.ts,4,4,100.00,0,0,,0,0,
src/gql/transactionRequests.ts,2,2,100.00,0,0,,0,0,
src/helpers/formatCurrency.ts,1,1,100.00,1,1,100.00,0,0,
src/helpers/formatDateTime.ts,0,13,0.00,0,13,0.00,0,0,
src/helpers/stringUtils.ts,1,13,7.69,0,7,0.00,0,6,0.00
src/helpers/taskHelpers.ts,0,53,0.00,0,5,0.00,0,55,0.00
src/helpers/verifyRole.ts,3,26,11.54,1,3,33.33,3,20,15.00
src/hooks/useChakraColor.tsx,3,3,100.00,1,1,100.00,1,2,50.00
src/hooks/useNotification.tsx,0,4,0.00,0,2,0.00,0,0,
src/participant/ParticipantContext.tsx,7,7,100.00,1,5,20.00,0,0,
src/participant/ParticipantMenu.tsx,11,17,64.71,6,10,60.00,4,4,100.00
src/participant/ParticipantRoute.tsx,17,33,51.52,4,7,57.14,11,24,45.83
src/participant/pages/announcements/Main.tsx,13,28,46.43,2,9,22.22,5,13,38.46
src/participant/pages/announcements/components/AnnouncementsExpandedView.tsx,0,35,0.00,0,5,0.00,0,28,0.00
src/participant/pages/announcements/components/ParticipantAnnouncementCard.tsx,0,4,0.00,0,1,0.00,0,14,0.00
src/participant/pages/home/Main.tsx,0,4,0.00,0,1,0.00,0,2,0.00
src/participant/pages/home/components/AnnouncementWidget.tsx,0,6,0.00,0,3,0.00,0,8,0.00
src/participant/pages/home/components/NewAchievedBadgesWidget.tsx,0,14,0.00,0,5,0.00,0,9,0.00
src/participant/pages/home/components/TasksCompletedWidget.tsx,0,6,0.00,0,2,0.00,0,4,0.00
src/participant/pages/home/components/TodoListWidget.tsx,1,8,12.50,0,3,0.00,0,18,0.00
src/participant/pages/login/Main.tsx,21,27,77.78,4,6,66.67,10,14,71.43
src/participant/pages/progress/Main.tsx,0,1,0.00,0,1,0.00,0,0,
src/participant/pages/progress/components/BadgeDisplay.tsx,1,16,6.25,0,6,0.00,0,22,0.00
src/participant/pages/progress/components/BucksGoalCard.tsx,0,30,0.00,0,7,0.00,0,46,0.00
src/participant/pages/progress/components/EditGoal.tsx,1,22,4.55,0,2,0.00,0,8,0.00
src/participant/pages/progress/components/SetGoal.tsx,1,21,4.76,0,2,0.00,0,8,0.00
src/participant/pages/progress/components/WeeklyEarningsChart.tsx,1,23,4.35,0,8,0.00,0,10,0.00
src/participant/pages/schedule/Main.tsx,0,19,0.00,0,6,0.00,0,34,0.00
src/participant/pages/schedule/components/TaskDetailsModal.tsx,0,3,0.00,0,1,0.00,0,8,0.00
src/test-utils/renderWithRouter.tsx,1,1,100.00,1,1,100.00,1,1,100.00
src/theme/colors.ts,1,1,100.00,0,0,,0,0,
src/theme/components.ts,8,8,100.00,0,0,,0,0,
src/theme/typography.ts,2,2,100.00,0,0,,0,0,
src/types/component.ts,0,0,,0,0,,0,0,
src/types/enums.ts,0,0,,0,0,,0,0,
src/types/models.ts,0,0,,0,0,,0,0,
src/ui/UI.tsx,0,35,0.00,0,27,0.00,0,10,0.00
src/ui/badge/BadgeLevelRow.tsx,1,11,9.09,0,2,0.00,0,17,0.00
src/ui/badge/BadgeProgress.tsx,3,10,30.00,0,2,0.00,0,7,0.00
src/ui/badge/CustomBadgeRow.tsx,1,2,50.00,0,1,0.00,0,2,0.00
src/ui/buttons/BlackOutlineButton.tsx,0,1,0.00,0,1,0.00,0,1,0.00
src/ui/buttons/GreenOutlineButton.tsx,1,1,100.00,1,1,100.00,0,0,
src/ui/buttons/OrangeButton.tsx,1,1,100.00,1,1,100.00,0,0,
src/ui/buttons/ToggleButton.tsx,0,2,0.00,0,2,0.00,0,4,0.00
src/ui/buttons/UnderlineButton.tsx,1,1,100.00,1,1,100.00,0,0,
src/ui/containers/PopupContainer.tsx,0,1,0.00,0,1,0.00,0,16,0.00
src/ui/containers/WidgetContainer.tsx,1,1,100.00,1,1,100.00,5,11,45.45
src/ui/icons/ActionIcons.tsx,18,34,52.94,3,12,25.00,2,24,8.33
src/ui/icons/BadgeIcons.tsx,14,42,33.33,0,14,0.00,0,28,0.00
src/ui/icons/BadgeLevelFrameIcons.tsx,6,12,50.00,0,6,0.00,0,6,0.00
src/ui/icons/MiscIcons.tsx,12,23,52.17,2,9,22.22,2,14,14.29
src/ui/icons/NotificationIcons.tsx,3,9,33.33,0,3,0.00,0,6,0.00
src/ui/icons/StatusIcons.tsx,4,8,50.00,0,4,0.00,0,4,0.00
src/ui/inputs/DateInput.tsx,0,3,0.00,0,2,0.00,0,8,0.00
src/ui/inputs/DropdownInput.tsx,3,4,75.00,2,3,66.67,4,9,44.44
src/ui/inputs/FixedInput.tsx,0,1,0.00,0,1,0.00,0,3,0.00
src/ui/inputs/NumberInput.tsx,2,3,66.67,1,2,50.00,4,10,40.00
src/ui/inputs/PasswordInput.tsx,3,5,60.00,1,3,33.33,6,11,54.55
src/ui/inputs/SelectInput.tsx,0,3,0.00,0,3,0.00,0,2,0.00
src/ui/inputs/TextAreaInput.tsx,0,3,0.00,0,2,0.00,0,6,0.00
src/ui/inputs/TextInput.tsx,0,3,0.00,0,2,0.00,0,6,0.00
src/ui/inputs/TimeInput.tsx,0,3,0.00,0,2,0.00,0,8,0.00
src/ui/misc/DataTable.tsx,5,5,100.00,4,4,100.00,6,10,60.00
src/ui/misc/DateOptions.tsx,0,52,0.00,0,11,0.00,0,46,0.00
src/ui/misc/MarillacPlaceCalendar.tsx,0,19,0.00,0,12,0.00,0,8,0.00
src/ui/misc/TaskStatusDisplay.tsx,0,3,0.00,0,1,0.00,0,1,0.00
src/ui/screens/ErrorScreen.tsx,0,3,0.00,0,3,0.00,0,1,0.00
src/ui/screens/LoadingScreen.tsx,1,1,100.00,1,1,100.00,1,1,100.00
src/ui/screens/NotFoundScreen.tsx,0,7,0.00,0,3,0.00,0,4,0.00
constants/days.ts,10,11,90.91,5,5,100.00,5,7,71.43
utils/dateUtils.ts,60,80,75.00,15,25,60.00,17,19,89.47
constants/days.ts,10,11,90.91,3,5,60.00,3,5,60.00
constants/roles.ts,3,3,100.00,6,7,85.71,8,10,80.00
constants/systemBadges.ts,18,19,94.74,3,13,23.08,5,7,71.43
gql/resolvers/loginResolver.ts,45,94,47.87,7,7,100.00,18,25,72.00
gql/resolvers/participantResolver.ts,89,134,66.42,7,7,100.00,19,26,73.08
gql/resolvers/receivedAnnouncementResolver.ts,74,78,94.87,7,7,100.00,15,19,78.95
prisma/index.ts,5,5,100.00,5,5,100.00,5,6,83.33
utils/badgeUtils.ts,13,162,8.02,5,13,38.46,7,11,63.64
utils/dateUtils.ts,41,80,51.25,9,25,36.00,11,13,84.62
utils/taskUtils.ts,17,126,13.49,5,9,55.56,6,10,60.00
utils/transactionUtils.ts,5,47,10.64,5,8,62.50,6,9,66.67
app/node_modules/@apollo/src/cache/core/cache.ts,21,49,42.86,3,17,17.65,5,22,22.73
app/node_modules/@apollo/src/cache/core/types/Cache.ts,1,1,100.00,0,0,,0,0,
app/node_modules/@apollo/src/cache/core/types/common.ts,10,13,76.92,2,2,100.00,2,4,50.00
app/node_modules/@apollo/src/cache/inmemory/entityStore.ts,152,260,58.46,30,63,47.62,65,186,34.95
app/node_modules/@apollo/src/cache/inmemory/helpers.ts,27,43,62.79,8,13,61.54,15,42,35.71
app/node_modules/@apollo/src/cache/inmemory/inMemoryCache.ts,107,174,61.49,21,35,60.00,54,130,41.54
app/node_modules/@apollo/src/cache/inmemory/key-extractor.ts,1,67,1.49,0,20,0.00,0,44,0.00
app/node_modules/@apollo/src/cache/inmemory/object-canon.ts,39,59,66.10,4,8,50.00,11,33,33.33
app/node_modules/@apollo/src/cache/inmemory/policies.ts,111,248,44.76,12,36,33.33,61,212,28.77
app/node_modules/@apollo/src/cache/inmemory/reactiveVars.ts,9,42,21.43,2,14,14.29,1,10,10.00
app/node_modules/@apollo/src/cache/inmemory/readFromStore.ts,101,117,86.32,19,20,95.00,56,92,60.87
app/node_modules/@apollo/src/cache/inmemory/writeToStore.ts,134,211,63.51,23,34,67.65,73,192,38.02
app/node_modules/@apollo/src/core/ApolloClient.ts,55,95,57.89,5,39,12.82,20,56,35.71
app/node_modules/@apollo/src/core/LocalState.ts,32,165,19.39,5,50,10.00,4,125,3.20
app/node_modules/@apollo/src/core/ObservableQuery.ts,160,252,63.49,27,61,44.26,115,202,56.93
app/node_modules/@apollo/src/core/QueryInfo.ts,139,165,84.24,27,29,93.10,94,135,69.63
app/node_modules/@apollo/src/core/QueryManager.ts,242,412,58.74,43,80,53.75,130,326,39.88
app/node_modules/@apollo/src/core/equalByQuery.ts,0,40,0.00,0,5,0.00,0,32,0.00
app/node_modules/@apollo/src/core/index.ts,1,1,100.00,0,0,,1,2,50.00
app/node_modules/@apollo/src/core/networkStatus.ts,10,12,83.33,2,3,66.67,1,4,25.00
app/node_modules/@apollo/src/errors/index.ts,18,24,75.00,4,6,66.67,13,19,68.42
app/node_modules/@apollo/src/link/context/index.ts,13,13,100.00,6,6,100.00,2,4,50.00
app/node_modules/@apollo/src/link/core/ApolloLink.ts,27,53,50.94,9,23,39.13,6,38,15.79
app/node_modules/@apollo/src/link/core/concat.ts,1,1,100.00,0,0,,0,0,
app/node_modules/@apollo/src/link/core/empty.ts,1,1,100.00,0,0,,0,0,
app/node_modules/@apollo/src/link/core/execute.ts,1,1,100.00,0,0,,0,0,
app/node_modules/@apollo/src/link/core/from.ts,1,1,100.00,0,0,,0,0,
app/node_modules/@apollo/src/link/core/index.ts,1,1,100.00,0,0,,0,0,
app/node_modules/@apollo/src/link/core/split.ts,1,1,100.00,0,0,,0,0,
app/node_modules/@apollo/src/link/http/HttpLink.ts,1,3,33.33,1,2,50.00,0,4,0.00
app/node_modules/@apollo/src/link/http/checkFetcher.ts,1,3,33.33,0,1,0.00,0,4,0.00
app/node_modules/@apollo/src/link/http/createHttpLink.ts,2,67,2.99,0,10,0.00,0,67,0.00
app/node_modules/@apollo/src/link/http/createSignalIfSupported.ts,5,5,100.00,1,1,100.00,1,2,50.00
app/node_modules/@apollo/src/link/http/index.ts,1,1,100.00,0,0,,0,0,
app/node_modules/@apollo/src/link/http/iterators/async.ts,0,5,0.00,0,3,0.00,0,0,
app/node_modules/@apollo/src/link/http/iterators/nodeStream.ts,0,49,0.00,0,11,0.00,0,20,0.00
app/node_modules/@apollo/src/link/http/iterators/promise.ts,0,12,0.00,0,5,0.00,0,4,0.00
app/node_modules/@apollo/src/link/http/iterators/reader.ts,0,7,0.00,0,3,0.00,0,2,0.00
app/node_modules/@apollo/src/link/http/parseAndCheckHttpResponse.ts,11,77,14.29,5,12,41.67,2,41,4.88
app/node_modules/@apollo/src/link/http/responseIterator.ts,0,21,0.00,0,7,0.00,0,12,0.00
app/node_modules/@apollo/src/link/http/rewriteURIForGET.ts,0,26,0.00,0,2,0.00,0,12,0.00
app/node_modules/@apollo/src/link/http/selectHttpOptionsAndBody.ts,29,36,80.56,5,7,71.43,6,10,60.00
app/node_modules/@apollo/src/link/http/selectURI.ts,6,8,75.00,1,1,100.00,3,6,50.00
app/node_modules/@apollo/src/link/http/serializeFetchParameter.ts,5,7,71.43,1,1,100.00,0,0,
app/node_modules/@apollo/src/link/utils/createOperation.ts,9,10,90.00,3,3,100.00,1,2,50.00
app/node_modules/@apollo/src/link/utils/filterOperationVariables.ts,0,9,0.00,0,3,0.00,0,2,0.00
app/node_modules/@apollo/src/link/utils/fromError.ts,0,3,0.00,0,2,0.00,0,0,
app/node_modules/@apollo/src/link/utils/fromPromise.ts,0,5,0.00,0,3,0.00,0,0,
app/node_modules/@apollo/src/link/utils/throwServerError.ts,1,7,14.29,0,1,0.00,0,0,
app/node_modules/@apollo/src/link/utils/toPromise.ts,0,7,0.00,0,3,0.00,0,2,0.00
app/node_modules/@apollo/src/link/utils/transformOperation.ts,4,5,80.00,1,1,100.00,4,9,44.44
app/node_modules/@apollo/src/link/utils/validateOperation.ts,5,6,83.33,1,1,100.00,1,2,50.00
app/node_modules/@apollo/src/react/context/ApolloContext.ts,7,7,100.00,1,1,100.00,3,4,75.00
app/node_modules/@apollo/src/react/context/ApolloProvider.tsx,7,7,100.00,2,2,100.00,1,2,50.00
app/node_modules/@apollo/src/react/hooks/useApolloClient.ts,4,4,100.00,1,1,100.00,2,2,100.00
app/node_modules/@apollo/src/react/hooks/useLazyQuery.ts,27,31,87.10,5,7,71.43,10,14,71.43
app/node_modules/@apollo/src/react/hooks/useMutation.ts,41,47,87.23,6,7,85.71,31,43,72.09
app/node_modules/@apollo/src/react/hooks/useQuery.ts,124,150,82.67,28,38,73.68,65,101,64.36
app/node_modules/@apollo/src/react/hooks/useSyncExternalStore.ts,4,26,15.38,0,5,0.00,3,17,17.65
app/node_modules/@apollo/src/react/parser/index.ts,49,55,89.09,4,6,66.67,23,32,71.88
app/node_modules/@apollo/src/utilities/caching/caches.ts,19,19,100.00,6,6,100.00,2,2,100.00
app/node_modules/@apollo/src/utilities/caching/getMemoryInternals.ts,6,30,20.00,1,13,7.69,3,28,10.71
app/node_modules/@apollo/src/utilities/caching/sizes.ts,2,2,100.00,0,0,,0,0,
app/node_modules/@apollo/src/utilities/common/arrays.ts,3,3,100.00,1,1,100.00,2,2,100.00
app/node_modules/@apollo/src/utilities/common/canUse.ts,10,10,100.00,2,2,100.00,11,12,91.67
app/node_modules/@apollo/src/utilities/common/canonicalStringify.ts,28,28,100.00,5,6,83.33,19,20,95.00
app/node_modules/@apollo/src/utilities/common/cloneDeep.ts,13,20,65.00,3,4,75.00,5,11,45.45
app/node_modules/@apollo/src/utilities/common/compact.ts,10,10,100.00,3,3,100.00,4,4,100.00
app/node_modules/@apollo/src/utilities/common/errorHandling.ts,7,10,70.00,2,3,66.67,3,6,50.00
app/node_modules/@apollo/src/utilities/common/incrementalResult.ts,6,21,28.57,3,6,50.00,1,8,12.50
app/node_modules/@apollo/src/utilities/common/makeUniqueId.ts,5,5,100.00,1,1,100.00,2,2,100.00
app/node_modules/@apollo/src/utilities/common/maybeDeepFreeze.ts,16,18,88.89,5,5,100.00,11,14,78.57
app/node_modules/@apollo/src/utilities/common/mergeDeep.ts,35,40,87.50,6,8,75.00,20,22,90.91
app/node_modules/@apollo/src/utilities/common/mergeOptions.ts,2,2,100.00,1,1,100.00,2,2,100.00
app/node_modules/@apollo/src/utilities/common/objects.ts,2,3,66.67,1,2,50.00,2,2,100.00
app/node_modules/@apollo/src/utilities/common/stringifyForDisplay.ts,4,4,100.00,2,2,100.00,2,4,50.00
app/node_modules/@apollo/src/utilities/globals/global.ts,1,5,20.00,0,4,0.00,1,5,20.00
app/node_modules/@apollo/src/utilities/globals/index.ts,1,1,100.00,0,0,,0,0,
app/node_modules/@apollo/src/utilities/globals/invariantWrappers.ts,21,23,91.30,6,7,85.71,7,14,50.00
app/node_modules/@apollo/src/utilities/globals/maybe.ts,3,3,100.00,1,1,100.00,0,0,
app/node_modules/@apollo/src/utilities/graphql/DocumentTransform.ts,29,39,74.36,7,13,53.85,9,16,56.25
app/node_modules/@apollo/src/utilities/graphql/directives.ts,13,42,30.95,3,12,25.00,7,27,25.93
app/node_modules/@apollo/src/utilities/graphql/fragments.ts,5,22,22.73,1,5,20.00,1,15,6.67
app/node_modules/@apollo/src/utilities/graphql/getFromAST.ts,36,43,83.72,14,15,93.33,14,24,58.33
app/node_modules/@apollo/src/utilities/graphql/print.ts,11,11,100.00,2,3,66.67,5,8,62.50
app/node_modules/@apollo/src/utilities/graphql/storeUtils.ts,49,102,48.04,15,29,51.72,24,62,38.71
app/node_modules/@apollo/src/utilities/graphql/transform.ts,59,177,33.33,14,60,23.33,25,121,20.66
app/node_modules/@apollo/src/utilities/observables/Concast.ts,60,81,74.07,17,23,73.91,29,49,59.18
app/node_modules/@apollo/src/utilities/observables/asyncMap.ts,16,17,94.12,12,12,100.00,2,4,50.00
app/node_modules/@apollo/src/utilities/observables/iteration.ts,4,4,100.00,3,3,100.00,2,2,100.00
app/node_modules/@apollo/src/utilities/observables/subclassing.ts,7,7,100.00,2,2,100.00,3,4,75.00
app/node_modules/@apollo/src/version.ts,1,1,100.00,0,0,,0,0,
app/node_modules/@chakra-ui/alert/src/alert-context.ts,3,7,42.86,0,2,0.00,0,0,
app/node_modules/@chakra-ui/alert/src/alert-description.tsx,2,6,33.33,0,1,0.00,0,0,
app/node_modules/@chakra-ui/alert/src/alert-icon.tsx,1,7,14.29,0,1,0.00,0,4,0.00
app/node_modules/@chakra-ui/alert/src/alert-title.tsx,2,5,40.00,0,1,0.00,0,0,
app/node_modules/@chakra-ui/alert/src/alert.tsx,2,8,25.00,0,1,0.00,0,6,0.00
app/node_modules/@chakra-ui/alert/src/icons.tsx,0,6,0.00,0,3,0.00,0,0,
app/node_modules/@chakra-ui/button/src/button-context.ts,1,1,100.00,0,0,,0,0,
app/node_modules/@chakra-ui/button/src/button-icon.tsx,6,6,100.00,1,1,100.00,1,2,50.00
app/node_modules/@chakra-ui/button/src/button-spinner.tsx,1,7,14.29,0,2,0.00,0,8,0.00
app/node_modules/@chakra-ui/button/src/button.tsx,14,14,100.00,3,3,100.00,15,26,57.69
app/node_modules/@chakra-ui/button/src/icon-button.tsx,6,6,100.00,1,1,100.00,3,6,50.00
app/node_modules/@chakra-ui/button/src/use-button-type.tsx,7,7,100.00,2,2,100.00,3,4,75.00
app/node_modules/@chakra-ui/checkbox/src/checkbox-context.ts,1,1,100.00,0,0,,0,0,
app/node_modules/@chakra-ui/checkbox/src/checkbox-icon.tsx,0,8,0.00,0,3,0.00,0,4,0.00
app/node_modules/@chakra-ui/checkbox/src/checkbox.tsx,7,23,30.43,0,2,0.00,0,21,0.00
app/node_modules/@chakra-ui/checkbox/src/use-checkbox.ts,0,76,0.00,0,26,0.00,0,52,0.00
app/node_modules/@chakra-ui/checkbox/src/use-initial-animation-state.tsx,0,7,0.00,0,1,0.00,0,2,0.00
app/node_modules/@chakra-ui/clickable/src/use-clickable.ts,27,89,30.34,3,12,25.00,12,86,13.95
app/node_modules/@chakra-ui/clickable/src/use-event-listeners.ts,8,13,61.54,2,5,40.00,0,0,
app/node_modules/@chakra-ui/close-button/src/close-button.tsx,2,8,25.00,0,2,0.00,0,2,0.00
app/node_modules/@chakra-ui/color-mode/src/color-mode-context.ts,6,10,60.00,1,2,50.00,1,4,25.00
app/node_modules/@chakra-ui/color-mode/src/color-mode-provider.tsx,33,44,75.00,10,16,62.50,13,24,54.17
app/node_modules/@chakra-ui/color-mode/src/color-mode.utils.ts,18,28,64.29,8,13,61.54,6,20,30.00
app/node_modules/@chakra-ui/color-mode/src/storage-manager.ts,15,22,68.18,4,8,50.00,6,18,33.33
app/node_modules/@chakra-ui/css-reset/src/css-reset.tsx,5,5,100.00,1,2,50.00,1,1,100.00
app/node_modules/@chakra-ui/descendant/src/descendant.ts,47,70,67.14,14,27,51.85,10,32,31.25
app/node_modules/@chakra-ui/descendant/src/use-descendant.ts,27,27,100.00,11,11,100.00,7,10,70.00
app/node_modules/@chakra-ui/descendant/src/utils.ts,10,21,47.62,4,6,66.67,5,19,26.32
app/node_modules/@chakra-ui/focus-lock/src/focus-lock.tsx,15,18,83.33,3,4,75.00,8,16,50.00
app/node_modules/@chakra-ui/form-control/src/form-control.tsx,27,35,77.14,5,12,41.67,3,19,15.79
app/node_modules/@chakra-ui/form-control/src/use-form-control.ts,11,13,84.62,2,2,100.00,21,30,70.00
app/node_modules/@chakra-ui/icon/src/icon.tsx,4,14,28.57,0,1,0.00,0,10,0.00
app/node_modules/@chakra-ui/input/src/input-element.tsx,23,23,100.00,3,3,100.00,6,9,66.67
app/node_modules/@chakra-ui/input/src/input-group.tsx,22,24,91.67,3,3,100.00,21,28,75.00
app/node_modules/@chakra-ui/input/src/input.tsx,9,9,100.00,1,1,100.00,0,0,
app/node_modules/@chakra-ui/layout/src/box.tsx,6,11,54.55,0,2,0.00,0,3,0.00
app/node_modules/@chakra-ui/layout/src/divider.tsx,6,6,100.00,1,1,100.00,9,9,100.00
app/node_modules/@chakra-ui/layout/src/flex.tsx,5,5,100.00,1,1,100.00,0,0,
app/node_modules/@chakra-ui/layout/src/grid.tsx,5,5,100.00,1,1,100.00,0,0,
app/node_modules/@chakra-ui/layout/src/stack/h-stack.tsx,2,2,100.00,1,1,100.00,0,0,
app/node_modules/@chakra-ui/layout/src/stack/stack-item.tsx,2,2,100.00,0,1,0.00,0,0,
app/node_modules/@chakra-ui/layout/src/stack/stack.tsx,12,20,60.00,3,4,75.00,7,19,36.84
app/node_modules/@chakra-ui/layout/src/stack/stack.utils.tsx,4,4,100.00,1,1,100.00,0,0,
app/node_modules/@chakra-ui/layout/src/text.tsx,6,6,100.00,1,1,100.00,0,0,
app/node_modules/@chakra-ui/modal/src/modal-content.tsx,12,12,100.00,1,1,100.00,0,0,
app/node_modules/@chakra-ui/modal/src/modal-focus.tsx,7,8,87.50,2,2,100.00,4,6,66.67
app/node_modules/@chakra-ui/modal/src/modal-manager.ts,19,21,90.48,6,7,85.71,3,6,50.00
app/node_modules/@chakra-ui/modal/src/modal-overlay.tsx,11,11,100.00,1,1,100.00,3,4,75.00
app/node_modules/@chakra-ui/modal/src/modal-transition.tsx,8,8,100.00,2,2,100.00,2,3,66.67
app/node_modules/@chakra-ui/modal/src/modal.tsx,10,10,100.00,1,1,100.00,2,2,100.00
app/node_modules/@chakra-ui/modal/src/use-modal.ts,26,37,70.27,10,12,83.33,13,31,41.94
app/node_modules/@chakra-ui/portal/src/portal-manager.tsx,2,5,40.00,0,1,0.00,0,0,
app/node_modules/@chakra-ui/portal/src/portal.tsx,36,53,67.92,6,12,50.00,12,36,33.33
app/node_modules/@chakra-ui/progress/src/progress.tsx,4,19,21.05,0,2,0.00,0,12,0.00
app/node_modules/@chakra-ui/progress/src/progress.utils.tsx,4,13,30.77,0,3,0.00,0,10,0.00
app/node_modules/@chakra-ui/provider/src/chakra-provider.tsx,4,4,100.00,1,1,100.00,4,6,66.67
app/node_modules/@chakra-ui/radio/src/radio-group.tsx,3,7,42.86,0,2,0.00,0,0,
app/node_modules/@chakra-ui/radio/src/radio.tsx,2,25,8.00,0,1,0.00,0,23,0.00
app/node_modules/@chakra-ui/radio/src/use-radio-group.ts,0,33,0.00,0,7,0.00,0,26,0.00
app/node_modules/@chakra-ui/radio/src/use-radio.ts,0,47,0.00,0,16,0.00,0,41,0.00
app/node_modules/@chakra-ui/react/node_modules/@chakra-ui/anatomy/src/anatomy.ts,25,29,86.21,6,9,66.67,6,9,66.67
app/node_modules/@chakra-ui/react/node_modules/@chakra-ui/anatomy/src/components.ts,29,29,100.00,0,0,,0,0,
app/node_modules/@chakra-ui/react/node_modules/@chakra-ui/theme-tools/src/color.ts,16,85,18.82,0,31,0.00,0,36,0.00
app/node_modules/@chakra-ui/react/node_modules/@chakra-ui/theme-tools/src/component.ts,0,6,0.00,0,3,0.00,0,6,0.00
app/node_modules/@chakra-ui/react/node_modules/@chakra-ui/theme-tools/src/css-calc.ts,11,15,73.33,9,14,64.29,4,10,40.00
app/node_modules/@chakra-ui/react/node_modules/@chakra-ui/theme-tools/src/css-var.ts,20,20,100.00,8,8,100.00,10,17,58.82
app/node_modules/@chakra-ui/react/node_modules/@chakra-ui/theme/src/components/accordion.ts,7,7,100.00,0,0,,0,0,
app/node_modules/@chakra-ui/react/node_modules/@chakra-ui/theme/src/components/alert.ts,10,25,40.00,0,5,0.00,0,0,
app/node_modules/@chakra-ui/react/node_modules/@chakra-ui/theme/src/components/avatar.ts,15,21,71.43,1,3,33.33,10,14,71.43
app/node_modules/@chakra-ui/react/node_modules/@chakra-ui/theme/src/components/badge.ts,7,16,43.75,0,3,0.00,0,0,
app/node_modules/@chakra-ui/react/node_modules/@chakra-ui/theme/src/components/breadcrumb.ts,5,5,100.00,0,0,,0,0,
app/node_modules/@chakra-ui/react/node_modules/@chakra-ui/theme/src/components/button.ts,10,29,34.48,0,4,0.00,0,12,0.00
app/node_modules/@chakra-ui/react/node_modules/@chakra-ui/theme/src/components/card.ts,11,11,100.00,0,0,,0,0,
app/node_modules/@chakra-ui/react/node_modules/@chakra-ui/theme/src/components/checkbox.ts,9,11,81.82,0,2,0.00,0,0,
app/node_modules/@chakra-ui/react/node_modules/@chakra-ui/theme/src/components/close-button.ts,5,5,100.00,0,0,,0,0,
app/node_modules/@chakra-ui/react/node_modules/@chakra-ui/theme/src/components/code.ts,3,3,100.00,0,0,,0,0,
app/node_modules/@chakra-ui/react/node_modules/@chakra-ui/theme/src/components/container.ts,2,2,100.00,0,0,,0,0,
app/node_modules/@chakra-ui/react/node_modules/@chakra-ui/theme/src/components/divider.ts,5,5,100.00,0,0,,0,0,
app/node_modules/@chakra-ui/react/node_modules/@chakra-ui/theme/src/components/drawer.ts,17,19,89.47,1,3,33.33,2,4,50.00
app/node_modules/@chakra-ui/react/node_modules/@chakra-ui/theme/src/components/editable.ts,6,6,100.00,0,0,,0,0,
app/node_modules/@chakra-ui/react/node_modules/@chakra-ui/theme/src/components/form-control.ts,6,6,100.00,0,0,,0,0,
app/node_modules/@chakra-ui/react/node_modules/@chakra-ui/theme/src/components/form-error.ts,6,6,100.00,0,0,,0,0,
app/node_modules/@chakra-ui/react/node_modules/@chakra-ui/theme/src/components/form-label.ts,2,2,100.00,0,0,,0,0,
app/node_modules/@chakra-ui/react/node_modules/@chakra-ui/theme/src/components/heading.ts,3,3,100.00,0,0,,0,0,
app/node_modules/@chakra-ui/react/node_modules/@chakra-ui/theme/src/components/index.ts,1,1,100.00,0,0,,0,0,
app/node_modules/@chakra-ui/react/node_modules/@chakra-ui/theme/src/components/input.ts,14,26,53.85,0,4,0.00,0,4,0.00
app/node_modules/@chakra-ui/react/node_modules/@chakra-ui/theme/src/components/kbd.ts,3,3,100.00,0,0,,0,0,
app/node_modules/@chakra-ui/react/node_modules/@chakra-ui/theme/src/components/link.ts,2,2,100.00,0,0,,0,0,
app/node_modules/@chakra-ui/react/node_modules/@chakra-ui/theme/src/components/list.ts,4,4,100.00,0,0,,0,0,
app/node_modules/@chakra-ui/react/node_modules/@chakra-ui/theme/src/components/menu.ts,12,12,100.00,0,0,,0,0,
app/node_modules/@chakra-ui/react/node_modules/@chakra-ui/theme/src/components/modal.ts,17,23,73.91,1,5,20.00,2,14,14.29
app/node_modules/@chakra-ui/react/node_modules/@chakra-ui/theme/src/components/number-input.ts,20,22,90.91,1,2,50.00,2,8,25.00
app/node_modules/@chakra-ui/react/node_modules/@chakra-ui/theme/src/components/pin-input.ts,5,8,62.50,0,3,0.00,3,12,25.00
app/node_modules/@chakra-ui/react/node_modules/@chakra-ui/theme/src/components/popover.ts,12,12,100.00,0,0,,0,0,
app/node_modules/@chakra-ui/react/node_modules/@chakra-ui/theme/src/components/progress.ts,8,15,53.33,0,4,0.00,0,6,0.00
app/node_modules/@chakra-ui/react/node_modules/@chakra-ui/theme/src/components/radio.ts,5,8,62.50,0,2,0.00,0,8,0.00
app/node_modules/@chakra-ui/react/node_modules/@chakra-ui/theme/src/components/select.ts,9,9,100.00,0,0,,9,18,50.00
app/node_modules/@chakra-ui/react/node_modules/@chakra-ui/theme/src/components/skeleton.ts,4,4,100.00,0,0,,0,0,
app/node_modules/@chakra-ui/react/node_modules/@chakra-ui/theme/src/components/skip-link.ts,3,3,100.00,0,0,,0,0,
app/node_modules/@chakra-ui/react/node_modules/@chakra-ui/theme/src/components/slider.ts,14,23,60.87,0,5,0.00,0,0,
app/node_modules/@chakra-ui/react/node_modules/@chakra-ui/theme/src/components/spinner.ts,4,4,100.00,0,0,,0,0,
app/node_modules/@chakra-ui/react/node_modules/@chakra-ui/theme/src/components/stat.ts,8,8,100.00,0,0,,0,0,
app/node_modules/@chakra-ui/react/node_modules/@chakra-ui/theme/src/components/stepper.ts,8,8,100.00,0,1,0.00,0,0,
app/node_modules/@chakra-ui/react/node_modules/@chakra-ui/theme/src/components/switch.ts,12,14,85.71,0,2,0.00,0,0,
app/node_modules/@chakra-ui/react/node_modules/@chakra-ui/theme/src/components/table.ts,8,12,66.67,0,2,0.00,0,0,
app/node_modules/@chakra-ui/react/node_modules/@chakra-ui/theme/src/components/tabs.ts,18,38,47.37,0,9,0.00,0,11,0.00
app/node_modules/@chakra-ui/react/node_modules/@chakra-ui/theme/src/components/tag.ts,15,19,78.95,0,3,0.00,0,6,0.00
app/node_modules/@chakra-ui/react/node_modules/@chakra-ui/theme/src/components/textarea.ts,5,8,62.50,0,3,0.00,8,22,36.36
app/node_modules/@chakra-ui/react/node_modules/@chakra-ui/theme/src/components/tooltip.ts,5,5,100.00,0,0,,0,0,
app/node_modules/@chakra-ui/react/node_modules/@chakra-ui/theme/src/foundations/blur.ts,2,2,100.00,0,0,,0,0,
app/node_modules/@chakra-ui/react/node_modules/@chakra-ui/theme/src/foundations/borders.ts,2,2,100.00,0,0,,0,0,
app/node_modules/@chakra-ui/react/node_modules/@chakra-ui/theme/src/foundations/breakpoints.ts,2,2,100.00,0,0,,0,0,
app/node_modules/@chakra-ui/react/node_modules/@chakra-ui/theme/src/foundations/colors.ts,2,2,100.00,0,0,,0,0,
app/node_modules/@chakra-ui/react/node_modules/@chakra-ui/theme/src/foundations/index.ts,1,1,100.00,0,0,,0,0,
app/node_modules/@chakra-ui/react/node_modules/@chakra-ui/theme/src/foundations/radius.ts,2,2,100.00,0,0,,0,0,
app/node_modules/@chakra-ui/react/node_modules/@chakra-ui/theme/src/foundations/shadows.ts,2,2,100.00,0,0,,0,0,
app/node_modules/@chakra-ui/react/node_modules/@chakra-ui/theme/src/foundations/sizes.ts,4,4,100.00,0,0,,0,0,
app/node_modules/@chakra-ui/react/node_modules/@chakra-ui/theme/src/foundations/spacing.ts,1,1,100.00,0,0,,0,0,
app/node_modules/@chakra-ui/react/node_modules/@chakra-ui/theme/src/foundations/transition.ts,5,5,100.00,0,0,,0,0,
app/node_modules/@chakra-ui/react/node_modules/@chakra-ui/theme/src/foundations/typography.ts,2,2,100.00,0,0,,0,0,
app/node_modules/@chakra-ui/react/node_modules/@chakra-ui/theme/src/foundations/z-index.ts,2,2,100.00,0,0,,0,0,
app/node_modules/@chakra-ui/react/node_modules/@chakra-ui/theme/src/index.ts,4,4,100.00,0,0,,0,0,
app/node_modules/@chakra-ui/react/node_modules/@chakra-ui/theme/src/semantic-tokens.ts,1,1,100.00,0,0,,0,0,
app/node_modules/@chakra-ui/react/node_modules/@chakra-ui/theme/src/styles.ts,1,1,100.00,0,0,,0,0,
app/node_modules/@chakra-ui/react/node_modules/@chakra-ui/theme/src/utils/is-chakra-theme.ts,1,5,20.00,0,2,0.00,0,2,0.00
app/node_modules/@chakra-ui/react/node_modules/@chakra-ui/theme/src/utils/run-if-fn.ts,1,3,33.33,0,2,0.00,0,2,0.00
app/node_modules/@chakra-ui/react/src/chakra-provider.tsx,5,5,100.00,2,2,100.00,2,3,66.67
app/node_modules/@chakra-ui/react-context/src/index.ts,9,14,64.29,2,3,66.67,7,10,70.00
app/node_modules/@chakra-ui/react-env/src/env.tsx,11,22,50.00,2,9,22.22,4,12,33.33
app/node_modules/@chakra-ui/react-use-callback-ref/src/index.ts,6,6,100.00,3,3,100.00,3,3,100.00
app/node_modules/@chakra-ui/react-use-controllable-state/src/index.ts,14,20,70.00,3,5,60.00,5,11,45.45
app/node_modules/@chakra-ui/react-use-merge-refs/src/index.ts,13,14,92.86,6,6,100.00,4,4,100.00
app/node_modules/@chakra-ui/react-use-safe-layout-effect/src/index.ts,1,1,100.00,0,0,,1,2,50.00
app/node_modules/@chakra-ui/react-use-timeout/src/index.ts,0,10,0.00,0,4,0.00,0,4,0.00
app/node_modules/@chakra-ui/react-use-update-effect/src/index.ts,0,13,0.00,0,4,0.00,0,4,0.00
app/node_modules/@chakra-ui/select/src/select-field.tsx,4,4,100.00,1,1,100.00,0,0,
app/node_modules/@chakra-ui/select/src/select.tsx,17,17,100.00,3,3,100.00,11,16,68.75
app/node_modules/@chakra-ui/spinner/src/spinner.tsx,8,8,100.00,1,1,100.00,6,6,100.00
app/node_modules/@chakra-ui/system/src/factory.ts,8,8,100.00,3,3,100.00,2,2,100.00
app/node_modules/@chakra-ui/system/src/forward-ref.tsx,2,2,100.00,1,1,100.00,0,0,
app/node_modules/@chakra-ui/system/src/hooks.ts,21,27,77.78,7,9,77.78,13,30,43.33
app/node_modules/@chakra-ui/system/src/providers.tsx,16,18,88.89,6,7,85.71,2,3,66.67
app/node_modules/@chakra-ui/system/src/should-forward-prop.ts,4,4,100.00,1,1,100.00,2,2,100.00
app/node_modules/@chakra-ui/system/src/system.ts,18,18,100.00,5,5,100.00,6,10,60.00
app/node_modules/@chakra-ui/system/src/use-style-config.ts,19,25,76.00,3,4,75.00,8,14,57.14
app/node_modules/@chakra-ui/system/src/use-theme.ts,3,3,100.00,1,1,100.00,1,2,50.00
app/node_modules/@chakra-ui/table/src/table-container.tsx,4,4,100.00,1,1,100.00,2,4,50.00
app/node_modules/@chakra-ui/table/src/table.tsx,6,6,100.00,1,1,100.00,0,0,
app/node_modules/@chakra-ui/table/src/tbody.tsx,3,3,100.00,1,1,100.00,0,0,
app/node_modules/@chakra-ui/table/src/td.tsx,3,3,100.00,1,1,100.00,0,0,
app/node_modules/@chakra-ui/table/src/th.tsx,3,3,100.00,1,1,100.00,0,0,
app/node_modules/@chakra-ui/table/src/thead.tsx,3,3,100.00,1,1,100.00,0,0,
app/node_modules/@chakra-ui/table/src/tr.tsx,3,3,100.00,1,1,100.00,0,0,
app/node_modules/@chakra-ui/tabs/src/tab-list.tsx,6,6,100.00,1,1,100.00,0,0,
app/node_modules/@chakra-ui/tabs/src/tab.tsx,6,6,100.00,1,1,100.00,0,0,
app/node_modules/@chakra-ui/tabs/src/tabs.tsx,10,10,100.00,2,2,100.00,0,0,
app/node_modules/@chakra-ui/tabs/src/use-tabs.ts,41,103,39.81,8,25,32.00,17,75,22.67
app/node_modules/@chakra-ui/textarea/src/textarea.tsx,3,8,37.50,0,1,0.00,0,2,0.00
app/node_modules/@chakra-ui/theme-utils/node_modules/@chakra-ui/anatomy/src/anatomy.ts,25,29,86.21,6,9,66.67,6,9,66.67
app/node_modules/@chakra-ui/theme-utils/node_modules/@chakra-ui/anatomy/src/components.ts,29,29,100.00,0,0,,0,0,
app/node_modules/@chakra-ui/theme-utils/node_modules/@chakra-ui/theme-tools/src/color.ts,20,85,23.53,1,31,3.23,0,36,0.00
app/node_modules/@chakra-ui/theme-utils/node_modules/@chakra-ui/theme-tools/src/component.ts,2,6,33.33,2,3,66.67,1,6,16.67
app/node_modules/@chakra-ui/theme-utils/node_modules/@chakra-ui/theme-tools/src/css-calc.ts,11,15,73.33,9,14,64.29,4,10,40.00
app/node_modules/@chakra-ui/theme-utils/node_modules/@chakra-ui/theme-tools/src/css-var.ts,20,20,100.00,8,8,100.00,10,17,58.82
app/node_modules/@chakra-ui/theme-utils/node_modules/@chakra-ui/theme/src/components/accordion.ts,7,7,100.00,0,0,,0,0,
app/node_modules/@chakra-ui/theme-utils/node_modules/@chakra-ui/theme/src/components/alert.ts,10,25,40.00,0,5,0.00,0,0,
app/node_modules/@chakra-ui/theme-utils/node_modules/@chakra-ui/theme/src/components/avatar.ts,15,21,71.43,1,3,33.33,10,14,71.43
app/node_modules/@chakra-ui/theme-utils/node_modules/@chakra-ui/theme/src/components/badge.ts,7,16,43.75,0,3,0.00,0,0,
app/node_modules/@chakra-ui/theme-utils/node_modules/@chakra-ui/theme/src/components/breadcrumb.ts,5,5,100.00,0,0,,0,0,
app/node_modules/@chakra-ui/theme-utils/node_modules/@chakra-ui/theme/src/components/button.ts,18,29,62.07,1,4,25.00,1,12,8.33
app/node_modules/@chakra-ui/theme-utils/node_modules/@chakra-ui/theme/src/components/card.ts,11,11,100.00,0,0,,0,0,
app/node_modules/@chakra-ui/theme-utils/node_modules/@chakra-ui/theme/src/components/checkbox.ts,9,11,81.82,0,2,0.00,0,0,
app/node_modules/@chakra-ui/theme-utils/node_modules/@chakra-ui/theme/src/components/close-button.ts,5,5,100.00,0,0,,0,0,
app/node_modules/@chakra-ui/theme-utils/node_modules/@chakra-ui/theme/src/components/code.ts,3,3,100.00,0,0,,0,0,
app/node_modules/@chakra-ui/theme-utils/node_modules/@chakra-ui/theme/src/components/container.ts,2,2,100.00,0,0,,0,0,
app/node_modules/@chakra-ui/theme-utils/node_modules/@chakra-ui/theme/src/components/divider.ts,5,5,100.00,0,0,,0,0,
app/node_modules/@chakra-ui/theme-utils/node_modules/@chakra-ui/theme/src/components/drawer.ts,17,19,89.47,1,3,33.33,2,4,50.00
app/node_modules/@chakra-ui/theme-utils/node_modules/@chakra-ui/theme/src/components/editable.ts,6,6,100.00,0,0,,0,0,
app/node_modules/@chakra-ui/theme-utils/node_modules/@chakra-ui/theme/src/components/form-control.ts,6,6,100.00,0,0,,0,0,
app/node_modules/@chakra-ui/theme-utils/node_modules/@chakra-ui/theme/src/components/form-error.ts,6,6,100.00,0,0,,0,0,
app/node_modules/@chakra-ui/theme-utils/node_modules/@chakra-ui/theme/src/components/form-label.ts,2,2,100.00,0,0,,0,0,
app/node_modules/@chakra-ui/theme-utils/node_modules/@chakra-ui/theme/src/components/heading.ts,3,3,100.00,0,0,,0,0,
app/node_modules/@chakra-ui/theme-utils/node_modules/@chakra-ui/theme/src/components/index.ts,1,1,100.00,0,0,,0,0,
app/node_modules/@chakra-ui/theme-utils/node_modules/@chakra-ui/theme/src/components/input.ts,20,26,76.92,2,4,50.00,4,4,100.00
app/node_modules/@chakra-ui/theme-utils/node_modules/@chakra-ui/theme/src/components/kbd.ts,3,3,100.00,0,0,,0,0,
app/node_modules/@chakra-ui/theme-utils/node_modules/@chakra-ui/theme/src/components/link.ts,2,2,100.00,0,0,,0,0,
app/node_modules/@chakra-ui/theme-utils/node_modules/@chakra-ui/theme/src/components/list.ts,4,4,100.00,0,0,,0,0,
app/node_modules/@chakra-ui/theme-utils/node_modules/@chakra-ui/theme/src/components/menu.ts,12,12,100.00,0,0,,0,0,
app/node_modules/@chakra-ui/theme-utils/node_modules/@chakra-ui/theme/src/components/modal.ts,23,23,100.00,5,5,100.00,8,14,57.14
app/node_modules/@chakra-ui/theme-utils/node_modules/@chakra-ui/theme/src/components/number-input.ts,20,22,90.91,1,2,50.00,2,8,25.00
app/node_modules/@chakra-ui/theme-utils/node_modules/@chakra-ui/theme/src/components/pin-input.ts,5,8,62.50,0,3,0.00,3,12,25.00
app/node_modules/@chakra-ui/theme-utils/node_modules/@chakra-ui/theme/src/components/popover.ts,12,12,100.00,0,0,,0,0,
app/node_modules/@chakra-ui/theme-utils/node_modules/@chakra-ui/theme/src/components/progress.ts,8,15,53.33,0,4,0.00,0,6,0.00
app/node_modules/@chakra-ui/theme-utils/node_modules/@chakra-ui/theme/src/components/radio.ts,5,8,62.50,0,2,0.00,0,8,0.00
app/node_modules/@chakra-ui/theme-utils/node_modules/@chakra-ui/theme/src/components/select.ts,9,9,100.00,0,0,,9,18,50.00
app/node_modules/@chakra-ui/theme-utils/node_modules/@chakra-ui/theme/src/components/skeleton.ts,4,4,100.00,0,0,,0,0,
app/node_modules/@chakra-ui/theme-utils/node_modules/@chakra-ui/theme/src/components/skip-link.ts,3,3,100.00,0,0,,0,0,
app/node_modules/@chakra-ui/theme-utils/node_modules/@chakra-ui/theme/src/components/slider.ts,14,23,60.87,0,5,0.00,0,0,
app/node_modules/@chakra-ui/theme-utils/node_modules/@chakra-ui/theme/src/components/spinner.ts,4,4,100.00,0,0,,0,0,
app/node_modules/@chakra-ui/theme-utils/node_modules/@chakra-ui/theme/src/components/stat.ts,8,8,100.00,0,0,,0,0,
app/node_modules/@chakra-ui/theme-utils/node_modules/@chakra-ui/theme/src/components/stepper.ts,8,8,100.00,0,1,0.00,0,0,
app/node_modules/@chakra-ui/theme-utils/node_modules/@chakra-ui/theme/src/components/switch.ts,12,14,85.71,0,2,0.00,0,0,
app/node_modules/@chakra-ui/theme-utils/node_modules/@chakra-ui/theme/src/components/table.ts,10,12,83.33,1,2,50.00,0,0,
app/node_modules/@chakra-ui/theme-utils/node_modules/@chakra-ui/theme/src/components/tabs.ts,25,38,65.79,4,9,44.44,4,11,36.36
app/node_modules/@chakra-ui/theme-utils/node_modules/@chakra-ui/theme/src/components/tag.ts,15,19,78.95,0,3,0.00,0,6,0.00
app/node_modules/@chakra-ui/theme-utils/node_modules/@chakra-ui/theme/src/components/textarea.ts,5,8,62.50,0,3,0.00,8,22,36.36
app/node_modules/@chakra-ui/theme-utils/node_modules/@chakra-ui/theme/src/components/tooltip.ts,5,5,100.00,0,0,,0,0,
app/node_modules/@chakra-ui/theme-utils/node_modules/@chakra-ui/theme/src/foundations/blur.ts,2,2,100.00,0,0,,0,0,
app/node_modules/@chakra-ui/theme-utils/node_modules/@chakra-ui/theme/src/foundations/borders.ts,2,2,100.00,0,0,,0,0,
app/node_modules/@chakra-ui/theme-utils/node_modules/@chakra-ui/theme/src/foundations/breakpoints.ts,2,2,100.00,0,0,,0,0,
app/node_modules/@chakra-ui/theme-utils/node_modules/@chakra-ui/theme/src/foundations/colors.ts,2,2,100.00,0,0,,0,0,
app/node_modules/@chakra-ui/theme-utils/node_modules/@chakra-ui/theme/src/foundations/index.ts,1,1,100.00,0,0,,0,0,
app/node_modules/@chakra-ui/theme-utils/node_modules/@chakra-ui/theme/src/foundations/radius.ts,2,2,100.00,0,0,,0,0,
app/node_modules/@chakra-ui/theme-utils/node_modules/@chakra-ui/theme/src/foundations/shadows.ts,2,2,100.00,0,0,,0,0,
app/node_modules/@chakra-ui/theme-utils/node_modules/@chakra-ui/theme/src/foundations/sizes.ts,4,4,100.00,0,0,,0,0,
app/node_modules/@chakra-ui/theme-utils/node_modules/@chakra-ui/theme/src/foundations/spacing.ts,1,1,100.00,0,0,,0,0,
app/node_modules/@chakra-ui/theme-utils/node_modules/@chakra-ui/theme/src/foundations/transition.ts,5,5,100.00,0,0,,0,0,
app/node_modules/@chakra-ui/theme-utils/node_modules/@chakra-ui/theme/src/foundations/typography.ts,2,2,100.00,0,0,,0,0,
app/node_modules/@chakra-ui/theme-utils/node_modules/@chakra-ui/theme/src/foundations/z-index.ts,2,2,100.00,0,0,,0,0,
app/node_modules/@chakra-ui/theme-utils/node_modules/@chakra-ui/theme/src/index.ts,4,4,100.00,0,0,,0,0,
app/node_modules/@chakra-ui/theme-utils/node_modules/@chakra-ui/theme/src/semantic-tokens.ts,1,1,100.00,0,0,,0,0,
app/node_modules/@chakra-ui/theme-utils/node_modules/@chakra-ui/theme/src/styles.ts,1,1,100.00,0,0,,0,0,
app/node_modules/@chakra-ui/theme-utils/node_modules/@chakra-ui/theme/src/utils/is-chakra-theme.ts,4,5,80.00,2,2,100.00,1,2,50.00
app/node_modules/@chakra-ui/theme-utils/node_modules/@chakra-ui/theme/src/utils/run-if-fn.ts,3,3,100.00,2,2,100.00,1,2,50.00
app/node_modules/@chakra-ui/toast/src/toast.component.tsx,3,27,11.11,0,10,0.00,0,21,0.00
app/node_modules/@chakra-ui/toast/src/toast.placement.ts,0,6,0.00,0,1,0.00,0,6,0.00
app/node_modules/@chakra-ui/toast/src/toast.provider.tsx,8,8,100.00,2,3,66.67,1,1,100.00
app/node_modules/@chakra-ui/toast/src/toast.store.ts,14,48,29.17,7,24,29.17,0,20,0.00
app/node_modules/@chakra-ui/toast/src/toast.tsx,10,26,38.46,1,10,10.00,0,18,0.00
app/node_modules/@chakra-ui/toast/src/toast.utils.ts,10,25,40.00,1,7,14.29,12,20,60.00
app/node_modules/@chakra-ui/toast/src/use-toast.tsx,5,5,100.00,2,2,100.00,0,0,
app/node_modules/@chakra-ui/transition/src/fade.tsx,7,12,58.33,2,3,66.67,6,19,31.58
app/node_modules/@chakra-ui/transition/src/scale-fade.tsx,7,12,58.33,2,3,66.67,5,23,21.74
app/node_modules/@chakra-ui/transition/src/slide-fade.tsx,4,14,28.57,0,4,0.00,0,28,0.00
app/node_modules/@chakra-ui/transition/src/transition-utils.ts,4,13,30.77,2,3,66.67,4,17,23.53
app/node_modules/@chakra-ui/visually-hidden/src/visually-hidden.style.ts,1,1,100.00,0,0,,0,0,
app/node_modules/@reduxjs/toolkit/node_modules/immer/src/core/current.ts,10,19,52.63,2,3,66.67,6,12,50.00
app/node_modules/@reduxjs/toolkit/node_modules/immer/src/core/finalize.ts,52,69,75.36,4,4,100.00,45,70,64.29
app/node_modules/@reduxjs/toolkit/node_modules/immer/src/core/immerClass.ts,30,80,37.50,5,16,31.25,13,56,23.21
app/node_modules/@reduxjs/toolkit/node_modules/immer/src/core/proxy.ts,81,94,86.17,15,19,78.95,51,66,77.27
app/node_modules/@reduxjs/toolkit/node_modules/immer/src/core/scope.ts,19,23,82.61,7,7,100.00,4,6,66.67
app/node_modules/@reduxjs/toolkit/node_modules/immer/src/immer.ts,9,13,69.23,0,2,0.00,0,0,
app/node_modules/@reduxjs/toolkit/node_modules/immer/src/plugins/mapset.ts,0,129,0.00,0,36,0.00,0,48,0.00
app/node_modules/@reduxjs/toolkit/node_modules/immer/src/plugins/patches.ts,0,106,0.00,0,16,0.00,0,71,0.00
app/node_modules/@reduxjs/toolkit/node_modules/immer/src/utils/common.ts,62,86,72.09,17,20,85.00,56,80,70.00
app/node_modules/@reduxjs/toolkit/node_modules/immer/src/utils/env.ts,3,3,100.00,0,0,,0,0,
app/node_modules/@reduxjs/toolkit/node_modules/immer/src/utils/errors.ts,1,11,9.09,0,6,0.00,1,6,16.67
app/node_modules/@reduxjs/toolkit/node_modules/immer/src/utils/plugins.ts,1,8,12.50,0,2,0.00,0,4,0.00
app/node_modules/@reduxjs/toolkit/src/actionCreatorInvariantMiddleware.ts,6,11,54.55,4,5,80.00,4,12,33.33
app/node_modules/@reduxjs/toolkit/src/autoBatchEnhancer.ts,31,33,93.94,11,13,84.62,12,16,75.00
app/node_modules/@reduxjs/toolkit/src/combineSlices.ts,9,49,18.37,0,15,0.00,0,41,0.00
app/node_modules/@reduxjs/toolkit/src/configureStore.ts,28,41,68.29,4,4,100.00,38,72,52.78
app/node_modules/@reduxjs/toolkit/src/createAction.ts,13,18,72.22,4,7,57.14,9,17,52.94
app/node_modules/@reduxjs/toolkit/src/createAsyncThunk.ts,8,73,10.96,1,22,4.55,0,53,0.00
app/node_modules/@reduxjs/toolkit/src/createDraftSafeSelector.ts,5,9,55.56,1,4,25.00,0,2,0.00
app/node_modules/@reduxjs/toolkit/src/createReducer.ts,24,37,64.86,7,10,70.00,10,23,43.48
app/node_modules/@reduxjs/toolkit/src/createSlice.ts,73,138,52.90,17,34,50.00,28,94,29.79
app/node_modules/@reduxjs/toolkit/src/devtoolsExtension.ts,2,7,28.57,0,3,0.00,4,10,40.00
app/node_modules/@reduxjs/toolkit/src/dynamicMiddleware/index.ts,3,19,15.79,0,13,0.00,0,2,0.00
app/node_modules/@reduxjs/toolkit/src/entities/create_adapter.ts,0,6,0.00,0,2,0.00,0,3,0.00
app/node_modules/@reduxjs/toolkit/src/entities/entity_state.ts,0,7,0.00,0,3,0.00,0,3,0.00
app/node_modules/@reduxjs/toolkit/src/entities/sorted_state_adapter.ts,0,108,0.00,0,15,0.00,0,38,0.00
app/node_modules/@reduxjs/toolkit/src/entities/state_adapter.ts,1,17,5.88,0,7,0.00,0,4,0.00
app/node_modules/@reduxjs/toolkit/src/entities/state_selectors.ts,0,14,0.00,0,8,0.00,0,4,0.00
app/node_modules/@reduxjs/toolkit/src/entities/unsorted_state_adapter.ts,0,70,0.00,0,19,0.00,0,18,0.00
app/node_modules/@reduxjs/toolkit/src/entities/utils.ts,0,25,0.00,0,4,0.00,0,12,0.00
app/node_modules/@reduxjs/toolkit/src/formatProdErrorMessage.ts,0,2,0.00,0,1,0.00,0,0,
app/node_modules/@reduxjs/toolkit/src/getDefaultEnhancers.ts,6,6,100.00,1,1,100.00,5,7,71.43
app/node_modules/@reduxjs/toolkit/src/getDefaultMiddleware.ts,19,26,73.08,2,2,100.00,13,24,54.17
app/node_modules/@reduxjs/toolkit/src/immerImports.ts,1,1,100.00,0,0,,0,0,
app/node_modules/@reduxjs/toolkit/src/immutableStateInvariantMiddleware.ts,58,82,70.73,11,16,68.75,31,63,49.21
app/node_modules/@reduxjs/toolkit/src/index.ts,1,1,100.00,0,0,,0,0,
app/node_modules/@reduxjs/toolkit/src/listenerMiddleware/exceptions.ts,9,11,81.82,0,1,0.00,0,0,
app/node_modules/@reduxjs/toolkit/src/listenerMiddleware/index.ts,92,168,54.76,14,48,29.17,19,54,35.19
app/node_modules/@reduxjs/toolkit/src/listenerMiddleware/task.ts,7,30,23.33,2,13,15.38,0,6,0.00
app/node_modules/@reduxjs/toolkit/src/listenerMiddleware/utils.ts,10,17,58.82,2,6,33.33,3,9,33.33
app/node_modules/@reduxjs/toolkit/src/mapBuilders.ts,15,37,40.54,2,5,40.00,6,46,13.04
app/node_modules/@reduxjs/toolkit/src/matchers.ts,1,49,2.04,0,23,0.00,0,35,0.00
app/node_modules/@reduxjs/toolkit/src/nanoid.ts,7,7,100.00,1,1,100.00,1,1,100.00
app/node_modules/@reduxjs/toolkit/src/reduxImports.ts,1,1,100.00,0,0,,0,0,
app/node_modules/@reduxjs/toolkit/src/reselectImports.ts,1,1,100.00,0,0,,0,0,
app/node_modules/@reduxjs/toolkit/src/serializableStateInvariantMiddleware.ts,0,59,0.00,0,10,0.00,0,72,0.00
app/node_modules/@reduxjs/toolkit/src/tsHelpers.ts,1,2,50.00,0,1,0.00,0,2,0.00
app/node_modules/@reduxjs/toolkit/src/utils.ts,19,23,82.61,9,10,90.00,4,10,40.00
app/node_modules/@wry/caches/src/strong.ts,47,51,92.16,6,9,66.67,29,30,96.67
app/node_modules/@wry/caches/src/weak.ts,61,86,70.93,8,14,57.14,27,49,55.10
app/node_modules/@wry/context/src/index.ts,2,34,5.88,0,11,0.00,0,10,0.00
app/node_modules/@wry/context/src/slot.ts,31,47,65.96,8,12,66.67,10,18,55.56
app/node_modules/@wry/equality/src/index.ts,47,73,64.38,6,6,100.00,20,64,31.25
app/node_modules/@wry/trie/src/index.ts,33,39,84.62,10,12,83.33,23,31,74.19
app/node_modules/@zag-js/dom-query/src/attrs.ts,2,4,50.00,0,2,0.00,0,4,0.00
app/node_modules/@zag-js/dom-query/src/contains.ts,1,5,20.00,0,2,0.00,0,10,0.00
app/node_modules/@zag-js/dom-query/src/create-scope.ts,1,6,16.67,0,7,0.00,0,8,0.00
app/node_modules/@zag-js/dom-query/src/env.ts,1,6,16.67,0,3,0.00,0,6,0.00
app/node_modules/@zag-js/dom-query/src/get-active-element.ts,0,6,0.00,0,1,0.00,0,0,
app/node_modules/@zag-js/dom-query/src/get-by-id.ts,0,14,0.00,0,5,0.00,0,12,0.00
app/node_modules/@zag-js/dom-query/src/get-by-text.ts,3,11,27.27,0,7,0.00,0,9,0.00
app/node_modules/@zag-js/dom-query/src/get-by-typeahead.ts,1,22,4.55,0,6,0.00,0,10,0.00
app/node_modules/@zag-js/dom-query/src/get-computed-style.ts,1,6,16.67,0,1,0.00,0,4,0.00
app/node_modules/@zag-js/dom-query/src/get-event-target.ts,0,2,0.00,0,1,0.00,0,2,0.00
app/node_modules/@zag-js/dom-query/src/get-scroll-parent.ts,0,20,0.00,0,4,0.00,0,20,0.00
app/node_modules/@zag-js/dom-query/src/index.ts,1,1,100.00,0,0,,0,0,
app/node_modules/@zag-js/dom-query/src/is-editable-element.ts,0,6,0.00,0,1,0.00,0,6,0.00
app/node_modules/@zag-js/dom-query/src/is-html-element.ts,0,2,0.00,0,1,0.00,0,3,0.00
app/node_modules/@zag-js/dom-query/src/platform.ts,11,14,78.57,0,12,0.00,0,16,0.00
app/node_modules/@zag-js/dom-query/src/query.ts,0,4,0.00,0,2,0.00,0,2,0.00
app/node_modules/@zag-js/dom-query/src/raf.ts,0,12,0.00,0,8,0.00,0,0,
app/node_modules/@zag-js/focus-visible/src/index.ts,6,83,7.23,0,20,0.00,1,34,2.94
app/node_modules/color2k/src/ColorError.ts,2,3,66.67,0,1,0.00,0,0,
app/node_modules/color2k/src/adjustHue.ts,0,3,0.00,0,1,0.00,0,0,
app/node_modules/color2k/src/darken.ts,0,3,0.00,0,1,0.00,0,0,
app/node_modules/color2k/src/desaturate.ts,0,3,0.00,0,1,0.00,0,0,
app/node_modules/color2k/src/getContrast.ts,0,4,0.00,0,1,0.00,0,0,
app/node_modules/color2k/src/getLuminance.ts,0,7,0.00,0,2,0.00,0,4,0.00
app/node_modules/color2k/src/getScale.ts,0,10,0.00,0,2,0.00,0,0,
app/node_modules/color2k/src/guard.ts,2,2,100.00,1,1,100.00,0,0,
app/node_modules/color2k/src/hasBadContrast.ts,1,3,33.33,0,1,0.00,0,0,
app/node_modules/color2k/src/hsla.ts,0,2,0.00,0,1,0.00,0,0,
app/node_modules/color2k/src/lighten.ts,0,2,0.00,0,1,0.00,0,0,
app/node_modules/color2k/src/mix.ts,0,14,0.00,0,2,0.00,0,4,0.00
app/node_modules/color2k/src/opacify.ts,0,2,0.00,0,1,0.00,0,0,
app/node_modules/color2k/src/parseToHsla.ts,0,10,0.00,0,2,0.00,0,8,0.00
app/node_modules/color2k/src/parseToRgba.ts,28,85,32.94,5,11,45.45,7,54,12.96
app/node_modules/color2k/src/readableColor.ts,0,2,0.00,0,1,0.00,0,2,0.00
app/node_modules/color2k/src/readableColorIsBlack.ts,0,2,0.00,0,1,0.00,0,0,
app/node_modules/color2k/src/rgba.ts,0,2,0.00,0,1,0.00,0,0,
app/node_modules/color2k/src/saturate.ts,0,2,0.00,0,1,0.00,0,0,
app/node_modules/color2k/src/toHex.ts,6,6,100.00,2,2,100.00,2,4,50.00
app/node_modules/color2k/src/toHsla.ts,0,2,0.00,0,1,0.00,0,0,
app/node_modules/color2k/src/toRgba.ts,0,2,0.00,0,1,0.00,0,0,
app/node_modules/color2k/src/transparentize.ts,0,3,0.00,0,1,0.00,0,0,
app/node_modules/d3-array/src/ascending.js,0,2,0.00,0,1,0.00,0,10,0.00
app/node_modules/d3-array/src/bisect.js,5,5,100.00,0,0,,0,0,
app/node_modules/d3-array/src/bisector.js,10,29,34.48,1,7,14.29,3,26,11.54
app/node_modules/d3-array/src/descending.js,0,2,0.00,0,1,0.00,0,6,0.00
app/node_modules/d3-array/src/greatest.js,0,16,0.00,0,1,0.00,0,7,0.00
app/node_modules/d3-array/src/max.js,0,11,0.00,0,1,0.00,0,10,0.00
app/node_modules/d3-array/src/maxIndex.js,0,13,0.00,0,1,0.00,0,10,0.00
app/node_modules/d3-array/src/min.js,0,11,0.00,0,1,0.00,0,10,0.00
app/node_modules/d3-array/src/minIndex.js,0,13,0.00,0,1,0.00,0,10,0.00
app/node_modules/d3-array/src/number.js,0,11,0.00,0,2,0.00,0,12,0.00
app/node_modules/d3-array/src/permute.js,0,2,0.00,0,2,0.00,0,0,
app/node_modules/d3-array/src/quantile.js,0,22,0.00,0,7,0.00,0,30,0.00
app/node_modules/d3-array/src/quickselect.js,0,33,0.00,0,2,0.00,0,20,0.00
app/node_modules/d3-array/src/range.js,6,6,100.00,1,1,100.00,1,4,25.00
app/node_modules/d3-array/src/sort.js,0,25,0.00,0,8,0.00,0,30,0.00
app/node_modules/d3-array/src/ticks.js,23,36,63.89,2,4,50.00,12,41,29.27
app/node_modules/d3-color/src/color.js,7,99,7.07,0,37,0.00,0,115,0.00
app/node_modules/d3-color/src/define.js,7,7,100.00,2,2,100.00,0,0,
app/node_modules/d3-format/src/defaultLocale.js,9,9,100.00,1,1,100.00,0,0,
app/node_modules/d3-format/src/exponent.js,0,2,0.00,0,1,0.00,0,2,0.00
app/node_modules/d3-format/src/formatDecimal.js,0,6,0.00,0,2,0.00,0,8,0.00
app/node_modules/d3-format/src/formatGroup.js,2,9,22.22,1,2,50.00,0,6,0.00
app/node_modules/d3-format/src/formatNumerals.js,0,4,0.00,0,3,0.00,0,0,
app/node_modules/d3-format/src/formatPrefixAuto.js,1,6,16.67,0,1,0.00,0,4,0.00
app/node_modules/d3-format/src/formatRounded.js,0,5,0.00,0,1,0.00,0,4,0.00
app/node_modules/d3-format/src/formatSpecifier.js,3,19,15.79,0,3,0.00,0,20,0.00
app/node_modules/d3-format/src/formatTrim.js,0,7,0.00,0,1,0.00,0,11,0.00
app/node_modules/d3-format/src/formatTypes.js,1,1,100.00,0,10,0.00,0,0,
app/node_modules/d3-format/src/identity.js,0,2,0.00,0,1,0.00,0,0,
app/node_modules/d3-format/src/locale.js,4,48,8.33,1,6,16.67,8,79,10.13
app/node_modules/d3-format/src/precisionFixed.js,0,2,0.00,0,1,0.00,0,0,
app/node_modules/d3-format/src/precisionPrefix.js,0,2,0.00,0,1,0.00,0,0,
app/node_modules/d3-format/src/precisionRound.js,0,3,0.00,0,1,0.00,0,0,
app/node_modules/d3-interpolate/src/array.js,0,9,0.00,0,3,0.00,0,6,0.00
app/node_modules/d3-interpolate/src/basis.js,0,8,0.00,0,3,0.00,0,8,0.00
app/node_modules/d3-interpolate/src/basisClosed.js,0,5,0.00,0,2,0.00,0,2,0.00
app/node_modules/d3-interpolate/src/color.js,2,15,13.33,1,8,12.50,1,8,12.50
app/node_modules/d3-interpolate/src/constant.js,1,1,100.00,0,1,0.00,0,0,
app/node_modules/d3-interpolate/src/date.js,0,4,0.00,0,2,0.00,0,0,
app/node_modules/d3-interpolate/src/number.js,3,3,100.00,2,2,100.00,0,0,
app/node_modules/d3-interpolate/src/numberArray.js,0,8,0.00,0,3,0.00,0,6,0.00
app/node_modules/d3-interpolate/src/object.js,0,11,0.00,0,2,0.00,0,10,0.00
app/node_modules/d3-interpolate/src/piecewise.js,0,7,0.00,0,2,0.00,0,4,0.00
app/node_modules/d3-interpolate/src/rgb.js,8,31,25.81,2,6,33.33,0,6,0.00
app/node_modules/d3-interpolate/src/round.js,0,3,0.00,0,2,0.00,0,0,
app/node_modules/d3-interpolate/src/string.js,1,25,4.00,0,6,0.00,0,16,0.00
app/node_modules/d3-interpolate/src/value.js,3,3,100.00,1,1,100.00,1,2,50.00
app/node_modules/d3-path/src/path.js,3,57,5.26,0,15,0.00,0,33,0.00
app/node_modules/d3-scale/src/band.js,27,45,60.00,6,17,35.29,9,24,37.50
app/node_modules/d3-scale/src/constant.js,0,3,0.00,0,2,0.00,0,0,
app/node_modules/d3-scale/src/continuous.js,34,56,60.71,12,22,54.55,12,34,35.29
app/node_modules/d3-scale/src/diverging.js,0,43,0.00,0,18,0.00,0,28,0.00
app/node_modules/d3-scale/src/identity.js,0,13,0.00,0,5,0.00,0,10,0.00
app/node_modules/d3-scale/src/index.js,1,1,100.00,0,0,,0,0,
app/node_modules/d3-scale/src/init.js,4,15,26.67,1,2,50.00,1,10,10.00
app/node_modules/d3-scale/src/linear.js,13,43,30.23,3,6,50.00,1,14,7.14
app/node_modules/d3-scale/src/log.js,0,82,0.00,0,23,0.00,0,64,0.00
app/node_modules/d3-scale/src/nice.js,0,9,0.00,0,1,0.00,0,2,0.00
app/node_modules/d3-scale/src/number.js,2,2,100.00,1,1,100.00,0,0,
app/node_modules/d3-scale/src/ordinal.js,21,24,87.50,5,6,83.33,6,12,50.00
app/node_modules/d3-scale/src/pow.js,0,22,0.00,0,10,0.00,0,10,0.00
app/node_modules/d3-scale/src/quantile.js,0,27,0.00,0,9,0.00,0,12,0.00
app/node_modules/d3-scale/src/quantize.js,0,23,0.00,0,9,0.00,0,8,0.00
app/node_modules/d3-scale/src/radial.js,0,27,0.00,0,12,0.00,0,14,0.00
app/node_modules/d3-scale/src/sequential.js,0,45,0.00,0,19,0.00,0,22,0.00
app/node_modules/d3-scale/src/sequentialQuantile.js,0,19,0.00,0,9,0.00,0,12,0.00
app/node_modules/d3-scale/src/symlog.js,0,16,0.00,0,8,0.00,0,2,0.00
app/node_modules/d3-scale/src/threshold.js,0,16,0.00,0,7,0.00,0,8,0.00
app/node_modules/d3-scale/src/tickFormat.js,0,12,0.00,0,1,0.00,0,22,0.00
app/node_modules/d3-scale/src/time.js,0,27,0.00,0,11,0.00,0,18,0.00
app/node_modules/d3-scale/src/utcTime.js,0,2,0.00,0,1,0.00,0,0,
app/node_modules/d3-shape/src/arc.js,0,88,0.00,0,18,0.00,0,74,0.00
app/node_modules/d3-shape/src/area.js,0,51,0.00,0,15,0.00,0,46,0.00
app/node_modules/d3-shape/src/areaRadial.js,0,15,0.00,0,6,0.00,0,2,0.00
app/node_modules/d3-shape/src/array.js,1,3,33.33,0,1,0.00,0,4,0.00
app/node_modules/d3-shape/src/constant.js,0,3,0.00,0,2,0.00,0,0,
app/node_modules/d3-shape/src/curve/basis.js,1,23,4.35,0,8,0.00,0,13,0.00
app/node_modules/d3-shape/src/curve/basisClosed.js,1,27,3.70,0,5,0.00,0,7,0.00
app/node_modules/d3-shape/src/curve/basisOpen.js,1,20,5.00,0,7,0.00,0,12,0.00
app/node_modules/d3-shape/src/curve/bump.js,2,36,5.56,0,13,0.00,0,14,0.00
app/node_modules/d3-shape/src/curve/bundle.js,4,22,18.18,1,7,14.29,0,4,0.00
app/node_modules/d3-shape/src/curve/cardinal.js,4,28,14.29,1,10,10.00,0,13,0.00
app/node_modules/d3-shape/src/curve/cardinalClosed.js,4,31,12.90,1,7,14.29,0,7,0.00
app/node_modules/d3-shape/src/curve/cardinalOpen.js,4,25,16.00,1,9,11.11,0,12,0.00
app/node_modules/d3-shape/src/curve/catmullRom.js,4,43,9.30,1,10,10.00,0,21,0.00
app/node_modules/d3-shape/src/curve/catmullRomClosed.js,4,36,11.11,1,7,14.29,0,11,0.00
app/node_modules/d3-shape/src/curve/catmullRomOpen.js,4,30,13.33,1,9,11.11,0,16,0.00
app/node_modules/d3-shape/src/curve/linear.js,1,15,6.67,0,7,0.00,0,10,0.00
app/node_modules/d3-shape/src/curve/linearClosed.js,1,9,11.11,0,5,0.00,0,4,0.00
app/node_modules/d3-shape/src/curve/monotone.js,3,49,6.12,0,19,0.00,0,29,0.00
app/node_modules/d3-shape/src/curve/natural.js,1,33,3.03,0,8,0.00,0,11,0.00
app/node_modules/d3-shape/src/curve/radial.js,5,14,35.71,1,8,12.50,0,0,
app/node_modules/d3-shape/src/curve/step.js,1,29,3.45,0,9,0.00,0,19,0.00
app/node_modules/d3-shape/src/descending.js,0,2,0.00,0,1,0.00,0,6,0.00
app/node_modules/d3-shape/src/identity.js,0,2,0.00,0,1,0.00,0,0,
app/node_modules/d3-shape/src/index.js,1,1,100.00,0,0,,0,0,
app/node_modules/d3-shape/src/line.js,0,23,0.00,0,7,0.00,0,32,0.00
app/node_modules/d3-shape/src/lineRadial.js,0,9,0.00,0,3,0.00,0,2,0.00
app/node_modules/d3-shape/src/link.js,0,37,0.00,0,12,0.00,0,18,0.00
app/node_modules/d3-shape/src/math.js,11,15,73.33,0,2,0.00,0,8,0.00
app/node_modules/d3-shape/src/noop.js,0,1,0.00,0,1,0.00,0,0,
app/node_modules/d3-shape/src/offset/diverging.js,0,9,0.00,0,1,0.00,0,6,0.00
app/node_modules/d3-shape/src/offset/expand.js,0,6,0.00,0,1,0.00,0,6,0.00
app/node_modules/d3-shape/src/offset/none.js,0,6,0.00,0,1,0.00,0,4,0.00
app/node_modules/d3-shape/src/offset/silhouette.js,0,6,0.00,0,1,0.00,0,4,0.00
app/node_modules/d3-shape/src/offset/wiggle.js,0,13,0.00,0,1,0.00,0,14,0.00
app/node_modules/d3-shape/src/order/appearance.js,0,7,0.00,0,3,0.00,0,2,0.00
app/node_modules/d3-shape/src/order/ascending.js,0,7,0.00,0,3,0.00,0,2,0.00
app/node_modules/d3-shape/src/order/descending.js,0,2,0.00,0,1,0.00,0,0,
app/node_modules/d3-shape/src/order/insideOut.js,0,10,0.00,0,1,0.00,0,2,0.00
app/node_modules/d3-shape/src/order/none.js,0,4,0.00,0,1,0.00,0,0,
app/node_modules/d3-shape/src/order/reverse.js,0,2,0.00,0,1,0.00,0,0,
app/node_modules/d3-shape/src/path.js,0,11,0.00,0,3,0.00,0,6,0.00
app/node_modules/d3-shape/src/pie.js,0,25,0.00,0,10,0.00,0,22,0.00
app/node_modules/d3-shape/src/point.js,0,4,0.00,0,2,0.00,0,0,
app/node_modules/d3-shape/src/pointRadial.js,0,2,0.00,0,1,0.00,0,0,
app/node_modules/d3-shape/src/stack.js,0,26,0.00,0,8,0.00,0,8,0.00
app/node_modules/d3-shape/src/symbol/asterisk.js,2,11,18.18,0,1,0.00,0,0,
app/node_modules/d3-shape/src/symbol/circle.js,1,4,25.00,0,1,0.00,0,0,
app/node_modules/d3-shape/src/symbol/cross.js,1,15,6.67,0,1,0.00,0,0,
app/node_modules/d3-shape/src/symbol/diamond.js,3,10,30.00,0,1,0.00,0,0,
app/node_modules/d3-shape/src/symbol/diamond2.js,1,7,14.29,0,1,0.00,0,0,
app/node_modules/d3-shape/src/symbol/plus.js,1,6,16.67,0,1,0.00,0,0,
app/node_modules/d3-shape/src/symbol/square.js,1,4,25.00,0,1,0.00,0,0,
app/node_modules/d3-shape/src/symbol/square2.js,1,7,14.29,0,1,0.00,0,0,
app/node_modules/d3-shape/src/symbol/star.js,5,17,29.41,0,1,0.00,0,0,
app/node_modules/d3-shape/src/symbol/times.js,1,6,16.67,0,1,0.00,0,0,
app/node_modules/d3-shape/src/symbol/triangle.js,2,7,28.57,0,1,0.00,0,0,
app/node_modules/d3-shape/src/symbol/triangle2.js,2,9,22.22,0,1,0.00,0,0,
app/node_modules/d3-shape/src/symbol/wye.js,5,19,26.32,0,1,0.00,0,0,
app/node_modules/d3-shape/src/symbol.js,2,18,11.11,0,5,0.00,0,18,0.00
app/node_modules/d3-time-format/src/defaultLocale.js,13,13,100.00,1,1,100.00,0,0,
app/node_modules/d3-time-format/src/locale.js,22,313,7.03,6,105,5.71,0,154,0.00
app/node_modules/d3-time/src/day.js,6,14,42.86,0,8,0.00,0,0,
app/node_modules/d3-time/src/duration.js,7,7,100.00,0,0,,0,0,
app/node_modules/d3-time/src/hour.js,4,12,33.33,0,8,0.00,0,0,
app/node_modules/d3-time/src/interval.js,12,38,31.58,1,13,7.69,1,24,4.17
app/node_modules/d3-time/src/millisecond.js,3,12,25.00,0,7,0.00,0,6,0.00
app/node_modules/d3-time/src/minute.js,4,12,33.33,0,8,0.00,0,0,
app/node_modules/d3-time/src/month.js,4,14,28.57,0,8,0.00,0,0,
app/node_modules/d3-time/src/second.js,2,6,33.33,0,4,0.00,0,0,
app/node_modules/d3-time/src/ticks.js,5,18,27.78,1,4,25.00,0,16,0.00
app/node_modules/d3-time/src/week.js,32,40,80.00,2,8,25.00,0,0,
app/node_modules/d3-time/src/year.js,6,26,23.08,0,14,0.00,0,8,0.00
app/node_modules/graphql-tag/src/index.ts,44,73,60.27,9,15,60.00,13,32,40.62
app/node_modules/immer/src/core/current.ts,0,17,0.00,0,3,0.00,0,12,0.00
app/node_modules/immer/src/core/finalize.ts,0,61,0.00,0,6,0.00,0,58,0.00
app/node_modules/immer/src/core/immerClass.ts,7,76,9.21,1,14,7.14,2,54,3.70
app/node_modules/immer/src/core/proxy.ts,6,94,6.38,1,19,5.26,0,66,0.00
app/node_modules/immer/src/core/scope.ts,1,23,4.35,0,7,0.00,0,6,0.00
app/node_modules/immer/src/immer.ts,10,12,83.33,1,2,50.00,0,0,
app/node_modules/immer/src/plugins/mapset.ts,0,129,0.00,0,36,0.00,0,48,0.00
app/node_modules/immer/src/plugins/patches.ts,0,106,0.00,0,16,0.00,0,71,0.00
app/node_modules/immer/src/utils/common.ts,13,78,16.67,5,20,25.00,2,67,2.99
app/node_modules/immer/src/utils/env.ts,3,3,100.00,0,0,,0,0,
app/node_modules/immer/src/utils/errors.ts,1,11,9.09,0,6,0.00,1,6,16.67
app/node_modules/immer/src/utils/plugins.ts,1,8,12.50,0,2,0.00,0,4,0.00
app/node_modules/internmap/src/index.js,18,31,58.06,7,13,53.85,8,16,50.00
app/node_modules/optimism/node_modules/@wry/trie/src/index.ts,4,25,16.00,0,9,0.00,0,22,0.00
app/node_modules/optimism/src/context.ts,1,3,33.33,0,1,0.00,0,0,
app/node_modules/optimism/src/dep.ts,19,21,90.48,4,4,100.00,8,10,80.00
app/node_modules/optimism/src/entry.ts,126,147,85.71,26,29,89.66,49,73,67.12
app/node_modules/optimism/src/helpers.ts,5,10,50.00,1,3,33.33,1,2,50.00
app/node_modules/optimism/src/index.ts,38,48,79.17,8,14,57.14,16,24,66.67
app/node_modules/react-redux/src/components/Context.ts,13,13,100.00,1,1,100.00,4,8,50.00
app/node_modules/react-redux/src/components/Provider.tsx,21,21,100.00,5,6,83.33,7,10,70.00
app/node_modules/react-redux/src/components/connect.tsx,4,147,2.72,0,29,0.00,0,69,0.00
app/node_modules/react-redux/src/connect/invalidArgFactory.ts,0,2,0.00,0,2,0.00,0,0,
app/node_modules/react-redux/src/connect/mapDispatchToProps.ts,0,2,0.00,0,3,0.00,0,8,0.00
app/node_modules/react-redux/src/connect/mapStateToProps.ts,0,2,0.00,0,2,0.00,0,2,0.00
app/node_modules/react-redux/src/connect/mergeProps.ts,0,16,0.00,0,6,0.00,0,8,0.00
app/node_modules/react-redux/src/connect/selectorFactory.ts,0,48,0.00,0,8,0.00,0,20,0.00
app/node_modules/react-redux/src/connect/verifySubselectors.ts,0,9,0.00,0,2,0.00,0,6,0.00
app/node_modules/react-redux/src/connect/wrapMapToProps.ts,0,25,0.00,0,8,0.00,0,8,0.00
app/node_modules/react-redux/src/exports.ts,1,1,100.00,0,0,,0,0,
app/node_modules/react-redux/src/hooks/useDispatch.ts,6,8,75.00,1,3,33.33,1,2,50.00
app/node_modules/react-redux/src/hooks/useReduxContext.ts,3,6,50.00,1,2,50.00,1,5,20.00
app/node_modules/react-redux/src/hooks/useSelector.ts,7,43,16.28,1,5,20.00,1,29,3.45
app/node_modules/react-redux/src/hooks/useStore.ts,6,8,75.00,1,3,33.33,1,2,50.00
app/node_modules/react-redux/src/utils/Subscription.ts,67,75,89.33,15,20,75.00,21,26,80.77
app/node_modules/react-redux/src/utils/batch.ts,2,2,100.00,1,1,100.00,0,0,
app/node_modules/react-redux/src/utils/bindActionCreators.ts,0,7,0.00,0,2,0.00,0,2,0.00
app/node_modules/react-redux/src/utils/hoistStatics.ts,11,33,33.33,0,2,0.00,0,16,0.00
app/node_modules/react-redux/src/utils/isPlainObject.ts,0,8,0.00,0,1,0.00,0,6,0.00
app/node_modules/react-redux/src/utils/react-is.ts,17,34,50.00,0,4,0.00,0,24,0.00
app/node_modules/react-redux/src/utils/react.ts,1,1,100.00,0,0,,0,0,
app/node_modules/react-redux/src/utils/shallowEqual.ts,0,15,0.00,0,2,0.00,0,15,0.00
app/node_modules/react-redux/src/utils/useIsomorphicLayoutEffect.ts,6,6,100.00,3,3,100.00,6,7,85.71
app/node_modules/react-redux/src/utils/verifyPlainObject.ts,0,2,0.00,0,1,0.00,0,2,0.00
app/node_modules/react-redux/src/utils/warning.ts,0,5,0.00,0,1,0.00,0,4,0.00
app/node_modules/redux/src/applyMiddleware.ts,8,9,88.89,5,6,83.33,0,2,0.00
app/node_modules/redux/src/bindActionCreators.ts,0,14,0.00,0,3,0.00,0,10,0.00
app/node_modules/redux/src/combineReducers.ts,48,60,80.00,6,7,85.71,26,51,50.98
app/node_modules/redux/src/compose.ts,4,6,66.67,3,4,75.00,2,4,50.00
app/node_modules/redux/src/createStore.ts,51,85,60.00,8,14,57.14,21,70,30.00
app/node_modules/redux/src/utils/actionTypes.ts,3,3,100.00,2,2,100.00,0,0,
app/node_modules/redux/src/utils/formatProdErrorMessage.ts,0,2,0.00,0,1,0.00,0,0,
app/node_modules/redux/src/utils/isAction.ts,2,2,100.00,1,1,100.00,3,3,100.00
app/node_modules/redux/src/utils/isPlainObject.ts,6,6,100.00,1,1,100.00,4,6,66.67
app/node_modules/redux/src/utils/kindOf.ts,0,25,0.00,0,5,0.00,0,34,0.00
app/node_modules/redux/src/utils/symbol-observable.ts,2,2,100.00,1,1,100.00,2,3,66.67
app/node_modules/redux/src/utils/warning.ts,0,5,0.00,0,1,0.00,0,4,0.00
app/node_modules/reselect/src/autotrackMemoize/autotrackMemoize.ts,0,15,0.00,0,4,0.00,0,2,0.00
app/node_modules/reselect/src/autotrackMemoize/autotracking.ts,4,44,9.09,0,13,0.00,0,10,0.00
app/node_modules/reselect/src/autotrackMemoize/proxy.ts,7,94,7.45,0,14,0.00,0,42,0.00
app/node_modules/reselect/src/autotrackMemoize/tracking.ts,3,14,21.43,0,5,0.00,0,4,0.00
app/node_modules/reselect/src/createSelectorCreator.ts,37,39,94.87,4,10,40.00,14,16,87.50
app/node_modules/reselect/src/createStructuredSelector.ts,1,8,12.50,0,4,0.00,0,1,0.00
app/node_modules/reselect/src/devModeChecks/identityFunctionCheck.ts,2,12,16.67,1,1,100.00,1,6,16.67
app/node_modules/reselect/src/devModeChecks/inputStabilityCheck.ts,6,11,54.55,2,2,100.00,1,2,50.00
app/node_modules/reselect/src/devModeChecks/setGlobalDevModeChecks.ts,2,3,66.67,0,1,0.00,0,0,
app/node_modules/reselect/src/lruMemoize.ts,1,66,1.52,0,20,0.00,0,35,0.00
app/node_modules/reselect/src/utils.ts,20,26,76.92,6,8,75.00,14,21,66.67
app/node_modules/reselect/src/weakMapMemoize.ts,53,58,91.38,3,8,37.50,27,28,96.43
app/node_modules/stylis/src/Enum.js,19,19,100.00,0,0,,0,0,
app/node_modules/stylis/src/Middleware.js,6,33,18.18,2,9,22.22,2,37,5.41
app/node_modules/stylis/src/Parser.js,59,69,85.51,4,5,80.00,46,60,76.67
app/node_modules/stylis/src/Prefixer.js,0,44,0.00,0,4,0.00,0,113,0.00
app/node_modules/stylis/src/Serializer.js,11,13,84.62,2,2,100.00,8,14,57.14
app/node_modules/stylis/src/Tokenizer.js,44,75,58.67,13,19,68.42,36,69,52.17
app/node_modules/stylis/src/Utility.js,25,25,100.00,11,11,100.00,4,4,100.00
app/node_modules/ts-invariant/src/invariant.ts,20,29,68.97,5,8,62.50,3,12,25.00
app/node_modules/utilities/object-utils/src/omit.ts,0,6,0.00,0,1,0.00,0,3,0.00
app/node_modules/utilities/object-utils/src/split.ts,0,6,0.00,0,1,0.00,0,0,
app/src/App.tsx,19,19,100.00,5,5,100.00,3,4,75.00
app/src/admin/AdminContext.tsx,5,5,100.00,1,3,33.33,0,0,
app/src/admin/AdminMenu.tsx,15,15,100.00,7,8,87.50,3,4,75.00
app/src/admin/AdminRoute.tsx,34,39,87.18,7,8,87.50,19,22,86.36
app/src/admin/pages/announcements/Main.tsx,18,26,69.23,4,15,26.67,10,14,71.43
app/src/admin/pages/announcements/components/AnnouncementCard.tsx,2,13,15.38,0,5,0.00,0,7,0.00
app/src/admin/pages/announcements/components/CreateAnnouncementModal.tsx,3,44,6.82,0,7,0.00,0,16,0.00
app/src/admin/pages/announcements/components/EditAnnouncementModal.tsx,3,20,15.00,0,3,0.00,0,5,0.00
app/src/admin/pages/badges/Main.tsx,2,8,25.00,0,5,0.00,0,16,0.00
app/src/admin/pages/badges/components/AssignCustomBadgeModal.tsx,3,41,7.32,0,11,0.00,0,19,0.00
app/src/admin/pages/badges/components/CreateCustomBadgeModal.tsx,3,26,11.54,0,5,0.00,0,7,0.00
app/src/admin/pages/badges/components/CustomBadgeTable.tsx,3,27,11.11,0,6,0.00,0,12,0.00
app/src/admin/pages/badges/components/EditCustomBadgeModal.tsx,3,20,15.00,0,2,0.00,0,4,0.00
app/src/admin/pages/badges/components/EditSystemBadgeModal.tsx,3,40,7.50,0,10,0.00,0,27,0.00
app/src/admin/pages/badges/components/SystemBadgeTable.tsx,3,25,12.00,0,10,0.00,0,11,0.00
app/src/admin/pages/home/Main.tsx,4,4,100.00,1,1,100.00,0,0,
app/src/admin/pages/home/components/AnnouncementSection.tsx,9,10,90.00,1,4,25.00,7,11,63.64
app/src/admin/pages/home/components/NoteSection.tsx,8,16,50.00,1,7,14.29,8,13,61.54
app/src/admin/pages/home/components/RoomsOverview.tsx,6,7,85.71,2,5,40.00,5,6,83.33
app/src/admin/pages/login/Main.tsx,24,28,85.71,5,6,83.33,8,12,66.67
app/src/admin/pages/participants/Main.tsx,11,11,100.00,3,3,100.00,15,17,88.24
app/src/admin/pages/participants/components/AddParticipantCard.tsx,16,20,80.00,6,7,85.71,5,7,71.43
app/src/admin/pages/participants/components/EditParticipantCard.tsx,2,56,3.57,0,6,0.00,0,45,0.00
app/src/admin/pages/participants/components/EditPastParticipantCard.tsx,2,26,7.69,0,2,0.00,0,16,0.00
app/src/admin/pages/participants/components/EmptyRoomCard.tsx,3,3,100.00,3,3,100.00,2,2,100.00
app/src/admin/pages/participants/components/OccupiedRoomCard.tsx,7,7,100.00,1,3,33.33,1,2,50.00
app/src/admin/pages/participants/components/PastParticipantTable.tsx,11,15,73.33,2,4,50.00,4,11,36.36
app/src/admin/pages/reports/Main.tsx,9,9,100.00,1,3,33.33,10,13,76.92
app/src/admin/pages/reports/components/AddEmailModal.tsx,2,20,10.00,0,3,0.00,0,4,0.00
app/src/admin/pages/reports/components/ReportsTable.tsx,10,25,40.00,1,10,10.00,2,2,100.00
app/src/admin/pages/schedule/Main.tsx,23,23,100.00,3,11,27.27,17,30,56.67
app/src/admin/pages/schedule/components/AnyDayTasksTable.tsx,1,6,16.67,0,7,0.00,0,0,
app/src/admin/pages/schedule/components/AssignTaskModal.tsx,3,72,4.17,0,9,0.00,0,36,0.00
app/src/admin/pages/schedule/components/DailyTasksTable.tsx,1,9,11.11,0,8,0.00,0,2,0.00
app/src/admin/pages/schedule/components/EditAssignedTaskModal.tsx,2,24,8.33,0,2,0.00,0,8,0.00
app/src/admin/pages/schedule/components/MarillacBalanceModal.tsx,2,22,9.09,0,2,0.00,0,9,0.00
app/src/admin/pages/schedule/components/RoomNavigation.tsx,2,2,100.00,2,3,66.67,2,2,100.00
app/src/admin/pages/schedule/components/TaskDetailsModal.tsx,2,32,6.25,0,8,0.00,0,19,0.00
app/src/admin/pages/tasks/Main.tsx,14,14,100.00,5,9,55.56,10,11,90.91
app/src/admin/pages/tasks/components/AddTaskModal.tsx,2,28,7.14,0,2,0.00,0,18,0.00
app/src/admin/pages/tasks/components/EditTaskModal.tsx,2,38,5.26,0,3,0.00,0,30,0.00
app/src/admin/pages/tasks/components/TasksTable.tsx,16,28,57.14,5,10,50.00,6,13,46.15
app/src/constants/days.ts,2,2,100.00,0,0,,0,0,
app/src/constants/icons.ts,1,1,100.00,0,0,,0,0,
app/src/constants/levels.ts,2,2,100.00,0,0,,0,0,
app/src/constants/roles.ts,3,3,100.00,0,0,,0,0,
app/src/constants/rooms.ts,1,1,100.00,0,0,,0,0,
app/src/constants/routes.ts,14,14,100.00,0,0,,0,0,
app/src/constants/views.ts,2,2,100.00,0,0,,0,0,
app/src/gql/achievedBadgeLevelRequests.ts,2,2,100.00,0,0,,0,0,
app/src/gql/announcementRequests.ts,5,5,100.00,0,0,,0,0,
app/src/gql/assignedTaskRequests.ts,8,8,100.00,0,0,,0,0,
app/src/gql/badgeLevelProgressRequests.ts,1,1,100.00,0,0,,0,0,
app/src/gql/badgeLevelRequests.ts,1,1,100.00,0,0,,0,0,
app/src/gql/customBadgeRequests.ts,4,4,100.00,0,0,,0,0,
app/src/gql/earnedCustomBadgeRequests.ts,3,3,100.00,0,0,,0,0,
app/src/gql/earningGoalRequests.ts,3,3,100.00,0,0,,0,0,
app/src/gql/loginRequests.ts,2,2,100.00,0,0,,0,0,
app/src/gql/noteRequests.ts,3,3,100.00,0,0,,0,0,
app/src/gql/participantRequests.ts,5,5,100.00,0,0,,0,0,
app/src/gql/receivedAnnouncementRequests.ts,2,2,100.00,0,0,,0,0,
app/src/gql/reportRecipientRequests.ts,4,4,100.00,0,0,,0,0,
app/src/gql/systemBadgeRequests.ts,2,2,100.00,0,0,,0,0,
app/src/gql/taskRequests.ts,4,4,100.00,0,0,,0,0,
app/src/gql/transactionRequests.ts,2,2,100.00,0,0,,0,0,
app/src/helpers/formatCurrency.ts,2,2,100.00,1,1,100.00,0,0,
app/src/helpers/formatDateTime.ts,14,25,56.00,7,13,53.85,0,0,
app/src/helpers/stringUtils.ts,3,10,30.00,2,5,40.00,0,10,0.00
app/src/helpers/taskHelpers.ts,5,55,9.09,1,5,20.00,1,43,2.33
app/src/helpers/verifyRole.ts,23,29,79.31,3,3,100.00,15,20,75.00
app/src/hooks/useChakraColor.tsx,4,4,100.00,1,1,100.00,3,4,75.00
app/src/hooks/useNotification.tsx,4,5,80.00,1,2,50.00,0,0,
app/src/index.css,4,4,100.00,0,0,,0,0,
app/src/index.tsx,2,2,100.00,0,0,,0,0,
app/src/participant/ParticipantContext.tsx,8,8,100.00,1,5,20.00,0,0,
app/src/participant/ParticipantMenu.tsx,13,13,100.00,9,9,100.00,4,4,100.00
app/src/participant/ParticipantRoute.tsx,30,34,88.24,6,7,85.71,16,19,84.21
app/src/participant/pages/announcements/Main.tsx,14,25,56.00,2,9,22.22,7,15,46.67
app/src/participant/pages/announcements/components/AnnouncementsExpandedView.tsx,2,35,5.71,0,5,0.00,0,22,0.00
app/src/participant/pages/announcements/components/ParticipantAnnouncementCard.tsx,1,5,20.00,0,1,0.00,0,8,0.00
app/src/participant/pages/home/Main.tsx,4,4,100.00,1,1,100.00,1,2,50.00
app/src/participant/pages/home/components/AnnouncementWidget.tsx,6,7,85.71,1,3,33.33,4,12,33.33
app/src/participant/pages/home/components/NewAchievedBadgesWidget.tsx,12,12,100.00,3,5,60.00,10,13,76.92
app/src/participant/pages/home/components/TasksCompletedWidget.tsx,7,7,100.00,1,2,50.00,4,7,57.14
app/src/participant/pages/home/components/TodoListWidget.tsx,6,8,75.00,1,3,33.33,4,20,20.00
app/src/participant/pages/login/Main.tsx,25,28,89.29,6,6,100.00,11,14,78.57
app/src/participant/pages/progress/Main.tsx,2,2,100.00,1,1,100.00,0,0,
app/src/participant/pages/progress/components/BadgeDisplay.tsx,12,13,92.31,3,6,50.00,20,39,51.28
app/src/participant/pages/progress/components/BucksGoalCard.tsx,19,28,67.86,3,7,42.86,23,54,42.59
app/src/participant/pages/progress/components/EditGoal.tsx,2,22,9.09,0,2,0.00,0,8,0.00
app/src/participant/pages/progress/components/SetGoal.tsx,2,21,9.52,0,2,0.00,0,8,0.00
app/src/participant/pages/progress/components/WeeklyEarningsChart.tsx,22,23,95.65,8,8,100.00,12,15,80.00
app/src/participant/pages/schedule/Main.tsx,15,16,93.75,2,6,33.33,24,34,70.59
app/src/participant/pages/schedule/components/TaskDetailsModal.tsx,1,3,33.33,0,1,0.00,0,4,0.00
app/src/theme/colors.ts,2,2,100.00,0,0,,0,0,
app/src/theme/components.ts,8,8,100.00,0,0,,0,0,
app/src/theme/typography.ts,2,2,100.00,0,0,,0,0,
app/src/types/enums.ts,10,10,100.00,0,0,,0,0,
app/src/ui/UI.tsx,1,31,3.23,0,27,0.00,0,10,0.00
app/src/ui/badge/BadgeLevelRow.tsx,13,14,92.86,2,2,100.00,13,17,76.47
app/src/ui/badge/BadgeProgress.tsx,11,11,100.00,2,2,100.00,5,7,71.43
app/src/ui/badge/CustomBadgeRow.tsx,3,4,75.00,0,1,0.00,0,2,0.00
app/src/ui/buttons/BlackOutlineButton.tsx,2,2,100.00,1,1,100.00,1,1,100.00
app/src/ui/buttons/GreenOutlineButton.tsx,2,2,100.00,1,1,100.00,0,0,
app/src/ui/buttons/OrangeButton.tsx,2,2,100.00,1,1,100.00,0,0,
app/src/ui/buttons/ToggleButton.tsx,1,2,50.00,0,2,0.00,0,4,0.00
app/src/ui/buttons/UnderlineButton.tsx,2,2,100.00,1,1,100.00,0,0,
app/src/ui/containers/PopupContainer.tsx,2,2,100.00,1,1,100.00,12,16,75.00
app/src/ui/containers/WidgetContainer.tsx,2,2,100.00,1,1,100.00,10,11,90.91
app/src/ui/icons/ActionIcons.tsx,31,34,91.18,7,12,58.33,14,24,58.33
app/src/ui/icons/BadgeIcons.tsx,36,42,85.71,8,14,57.14,16,28,57.14
app/src/ui/icons/BadgeLevelFrameIcons.tsx,12,12,100.00,5,6,83.33,5,6,83.33
app/src/ui/icons/MiscIcons.tsx,21,23,91.30,4,9,44.44,7,14,50.00
app/src/ui/icons/NotificationIcons.tsx,6,9,66.67,0,3,0.00,0,6,0.00
app/src/ui/icons/StatusIcons.tsx,8,8,100.00,1,4,25.00,1,4,25.00
app/src/ui/inputs/DateInput.tsx,3,3,100.00,2,2,100.00,5,6,83.33
app/src/ui/inputs/DropdownInput.tsx,3,3,100.00,3,3,100.00,6,9,66.67
app/src/ui/inputs/FixedInput.tsx,1,2,50.00,0,1,0.00,0,3,0.00
app/src/ui/inputs/NumberInput.tsx,3,3,100.00,2,2,100.00,6,8,75.00
app/src/ui/inputs/PasswordInput.tsx,4,4,100.00,2,3,66.67,6,9,66.67
app/src/ui/inputs/SelectInput.tsx,1,2,50.00,0,3,0.00,0,2,0.00
app/src/ui/inputs/TextAreaInput.tsx,1,3,33.33,0,2,0.00,0,4,0.00
app/src/ui/inputs/TextInput.tsx,1,3,33.33,0,2,0.00,0,4,0.00
app/src/ui/inputs/TimeInput.tsx,1,3,33.33,0,2,0.00,0,6,0.00
app/src/ui/misc/DataTable.tsx,4,4,100.00,4,4,100.00,9,10,90.00
app/src/ui/misc/DateOptions.tsx,1,50,2.00,0,11,0.00,0,44,0.00
app/src/ui/misc/MarillacPlaceCalendar.tsx,15,15,100.00,9,12,75.00,6,8,75.00
app/src/ui/misc/TaskStatusDisplay.tsx,2,4,50.00,0,1,0.00,0,1,0.00
app/src/ui/screens/ErrorScreen.tsx,1,4,25.00,0,3,0.00,0,1,0.00
app/src/ui/screens/LoadingScreen.tsx,2,2,100.00,1,1,100.00,1,1,100.00
app/src/ui/screens/NotFoundScreen.tsx,2,8,25.00,0,3,0.00,0,4,0.00
frontend/src/index.css-e42b,15,36,41.67,0,4,0.00,6,34,17.65
TOTAL,8100,19284,42.00,1489,4847,30.72,3099,11585,26.75
